#category	term ID	term description	observed gene count	background gene count	strength	false discovery rate	matching proteins in your network (IDs)	matching proteins in your network (labels)
GO Process	GO:0061077	Chaperone-mediated protein folding	6	71	1.32	0.0107	9606.ENSP00000004982,9606.ENSP00000258091,9606.ENSP00000275603,9606.ENSP00000300026,9606.ENSP00000379042,9606.ENSP00000499129	HSPB6,CCT7,CCT6A,PPIB,ERO1A,PDIA4
GO Function	GO:0003723	RNA binding	23	1672	0.53	0.00069	9606.ENSP00000216330,9606.ENSP00000243077,9606.ENSP00000254799,9606.ENSP00000275603,9606.ENSP00000285093,9606.ENSP00000289371,9606.ENSP00000300026,9606.ENSP00000316176,9606.ENSP00000343966,9606.ENSP00000346634,9606.ENSP00000357189,9606.ENSP00000371798,9606.ENSP00000375978,9606.ENSP00000378284,9606.ENSP00000379838,9606.ENSP00000387710,9606.ENSP00000400142,9606.ENSP00000419449,9606.ENSP00000421592,9606.ENSP00000426909,9606.ENSP00000481038,9606.ENSP00000495273,9606.ENSP00000499129	FKBP3,LRP1,GRSF1,CCT6A,ACAA2,EIF5B,PPIB,UBE2N,PSPC1,THRAP3,HDGF,FSCN1,XRCC5,MATR3,CARHSP1,TARS1,EWSR1,EIF1,ALYREF,RACK1,CYFIP1,RPS7,PDIA4
GO Function	GO:0005515	Protein binding	52	7242	0.25	0.00069	9606.ENSP00000004982,9606.ENSP00000243077,9606.ENSP00000258091,9606.ENSP00000270538,9606.ENSP00000275603,9606.ENSP00000298316,9606.ENSP00000300026,9606.ENSP00000303511,9606.ENSP00000304229,9606.ENSP00000307292,9606.ENSP00000310572,9606.ENSP00000311469,9606.ENSP00000314067,9606.ENSP00000316176,9606.ENSP00000317955,9606.ENSP00000318297,9606.ENSP00000320295,9606.ENSP00000320663,9606.ENSP00000324527,9606.ENSP00000325527,9606.ENSP00000333298,9606.ENSP00000341743,9606.ENSP00000343690,9606.ENSP00000346634,9606.ENSP00000357189,9606.ENSP00000357801,9606.ENSP00000359991,9606.ENSP00000362308,9606.ENSP00000362592,9606.ENSP00000362946,9606.ENSP00000367992,9606.ENSP00000369314,9606.ENSP00000371798,9606.ENSP00000375978,9606.ENSP00000378284,9606.ENSP00000379838,9606.ENSP00000379975,9606.ENSP00000384949,9606.ENSP00000387710,9606.ENSP00000389297,9606.ENSP00000392767,9606.ENSP00000400142,9606.ENSP00000426909,9606.ENSP00000428184,9606.ENSP00000430598,9606.ENSP00000463559,9606.ENSP00000479202,9606.ENSP00000481038,9606.ENSP00000486361,9606.ENSP00000494051,9606.ENSP00000495273,9606.ENSP00000499797	HSPB6,LRP1,CCT7,TIMM44,CCT6A,ARF6,PPIB,PEX6,HINT1,CAVIN3,PSMC5,GSTM1,PAK2,UBE2N,EEA1,RUVBL1,TUBB3,EML4,MYO1D,FBN1,LAMP1,ENSA,DPYSL3,THRAP3,HDGF,S100A10,PGAM1,SH3BGRL,RBBP4,RAB14,ESD,GLRX,FSCN1,XRCC5,MATR3,CARHSP1,ILK,PYCR1,TARS1,CHCHD3,S100A13,EWSR1,RACK1,SDCBP,ATOX1,MYL12B,ARL8B,CYFIP1,DBI,SEPTIN3,RPS7,CALM2
GO Function	GO:0097367	Carbohydrate derivative binding	27	2278	0.47	0.00069	9606.ENSP00000243077,9606.ENSP00000258091,9606.ENSP00000270538,9606.ENSP00000275603,9606.ENSP00000289371,9606.ENSP00000298316,9606.ENSP00000303511,9606.ENSP00000310572,9606.ENSP00000314067,9606.ENSP00000316176,9606.ENSP00000318297,9606.ENSP00000320295,9606.ENSP00000324527,9606.ENSP00000325527,9606.ENSP00000343690,9606.ENSP00000346634,9606.ENSP00000349722,9606.ENSP00000357189,9606.ENSP00000362946,9606.ENSP00000367615,9606.ENSP00000375978,9606.ENSP00000379975,9606.ENSP00000387710,9606.ENSP00000428184,9606.ENSP00000479202,9606.ENSP00000486361,9606.ENSP00000494051	LRP1,CCT7,TIMM44,CCT6A,EIF5B,ARF6,PEX6,PSMC5,PAK2,UBE2N,RUVBL1,TUBB3,MYO1D,FBN1,DPYSL3,THRAP3,UBE2D3,HDGF,RAB14,APRT,XRCC5,ILK,TARS1,SDCBP,ARL8B,DBI,SEPTIN3
GO Function	GO:0000166	Nucleotide binding	25	2168	0.45	0.0012	9606.ENSP00000258091,9606.ENSP00000270538,9606.ENSP00000275603,9606.ENSP00000289371,9606.ENSP00000298316,9606.ENSP00000303511,9606.ENSP00000304229,9606.ENSP00000310572,9606.ENSP00000314067,9606.ENSP00000316176,9606.ENSP00000318297,9606.ENSP00000320295,9606.ENSP00000324527,9606.ENSP00000346634,9606.ENSP00000349722,9606.ENSP00000357189,9606.ENSP00000362946,9606.ENSP00000367615,9606.ENSP00000375978,9606.ENSP00000379042,9606.ENSP00000379975,9606.ENSP00000387710,9606.ENSP00000479202,9606.ENSP00000486361,9606.ENSP00000494051	CCT7,TIMM44,CCT6A,EIF5B,ARF6,PEX6,HINT1,PSMC5,PAK2,UBE2N,RUVBL1,TUBB3,MYO1D,THRAP3,UBE2D3,HDGF,RAB14,APRT,XRCC5,ERO1A,ILK,TARS1,ARL8B,DBI,SEPTIN3
GO Function	GO:0036094	Small molecule binding	26	2507	0.41	0.0032	9606.ENSP00000258091,9606.ENSP00000270538,9606.ENSP00000275603,9606.ENSP00000289371,9606.ENSP00000298316,9606.ENSP00000303511,9606.ENSP00000304229,9606.ENSP00000310572,9606.ENSP00000314067,9606.ENSP00000316176,9606.ENSP00000318297,9606.ENSP00000320295,9606.ENSP00000321259,9606.ENSP00000324527,9606.ENSP00000346634,9606.ENSP00000349722,9606.ENSP00000357189,9606.ENSP00000362946,9606.ENSP00000367615,9606.ENSP00000375978,9606.ENSP00000379042,9606.ENSP00000379975,9606.ENSP00000387710,9606.ENSP00000479202,9606.ENSP00000486361,9606.ENSP00000494051	CCT7,TIMM44,CCT6A,EIF5B,ARF6,PEX6,HINT1,PSMC5,PAK2,UBE2N,RUVBL1,TUBB3,TALDO1,MYO1D,THRAP3,UBE2D3,HDGF,RAB14,APRT,XRCC5,ERO1A,ILK,TARS1,ARL8B,DBI,SEPTIN3
GO Function	GO:0032555	Purine ribonucleotide binding	22	1903	0.45	0.0036	9606.ENSP00000258091,9606.ENSP00000270538,9606.ENSP00000275603,9606.ENSP00000289371,9606.ENSP00000298316,9606.ENSP00000303511,9606.ENSP00000310572,9606.ENSP00000314067,9606.ENSP00000316176,9606.ENSP00000318297,9606.ENSP00000320295,9606.ENSP00000324527,9606.ENSP00000346634,9606.ENSP00000349722,9606.ENSP00000362946,9606.ENSP00000367615,9606.ENSP00000375978,9606.ENSP00000379975,9606.ENSP00000387710,9606.ENSP00000479202,9606.ENSP00000486361,9606.ENSP00000494051	CCT7,TIMM44,CCT6A,EIF5B,ARF6,PEX6,PSMC5,PAK2,UBE2N,RUVBL1,TUBB3,MYO1D,THRAP3,UBE2D3,RAB14,APRT,XRCC5,ILK,TARS1,ARL8B,DBI,SEPTIN3
GO Function	GO:0043168	Anion binding	24	2404	0.39	0.0099	9606.ENSP00000258091,9606.ENSP00000270538,9606.ENSP00000275603,9606.ENSP00000289371,9606.ENSP00000298316,9606.ENSP00000303511,9606.ENSP00000310572,9606.ENSP00000311469,9606.ENSP00000314067,9606.ENSP00000316176,9606.ENSP00000318297,9606.ENSP00000320295,9606.ENSP00000324527,9606.ENSP00000346634,9606.ENSP00000349722,9606.ENSP00000362946,9606.ENSP00000367615,9606.ENSP00000375978,9606.ENSP00000379042,9606.ENSP00000379975,9606.ENSP00000387710,9606.ENSP00000428184,9606.ENSP00000479202,9606.ENSP00000494051	CCT7,TIMM44,CCT6A,EIF5B,ARF6,PEX6,PSMC5,GSTM1,PAK2,UBE2N,RUVBL1,TUBB3,MYO1D,THRAP3,UBE2D3,RAB14,APRT,XRCC5,ERO1A,ILK,TARS1,SDCBP,ARL8B,SEPTIN3
GO Function	GO:1901363	Heterocyclic compound binding	42	5977	0.24	0.0138	9606.ENSP00000216330,9606.ENSP00000243077,9606.ENSP00000254799,9606.ENSP00000258091,9606.ENSP00000270538,9606.ENSP00000275603,9606.ENSP00000285093,9606.ENSP00000289371,9606.ENSP00000298316,9606.ENSP00000300026,9606.ENSP00000303511,9606.ENSP00000304229,9606.ENSP00000310572,9606.ENSP00000314067,9606.ENSP00000316176,9606.ENSP00000318297,9606.ENSP00000320295,9606.ENSP00000324527,9606.ENSP00000343966,9606.ENSP00000346634,9606.ENSP00000349722,9606.ENSP00000357189,9606.ENSP00000362592,9606.ENSP00000362946,9606.ENSP00000367615,9606.ENSP00000371798,9606.ENSP00000375978,9606.ENSP00000378284,9606.ENSP00000379042,9606.ENSP00000379838,9606.ENSP00000379975,9606.ENSP00000387710,9606.ENSP00000400142,9606.ENSP00000419449,9606.ENSP00000421592,9606.ENSP00000426909,9606.ENSP00000479202,9606.ENSP00000481038,9606.ENSP00000486361,9606.ENSP00000494051,9606.ENSP00000495273,9606.ENSP00000499129	FKBP3,LRP1,GRSF1,CCT7,TIMM44,CCT6A,ACAA2,EIF5B,ARF6,PPIB,PEX6,HINT1,PSMC5,PAK2,UBE2N,RUVBL1,TUBB3,MYO1D,PSPC1,THRAP3,UBE2D3,HDGF,RBBP4,RAB14,APRT,FSCN1,XRCC5,MATR3,ERO1A,CARHSP1,ILK,TARS1,EWSR1,EIF1,ALYREF,RACK1,ARL8B,CYFIP1,DBI,SEPTIN3,RPS7,PDIA4
GO Function	GO:0035639	Purine ribonucleoside triphosphate binding	20	1834	0.43	0.0146	9606.ENSP00000258091,9606.ENSP00000270538,9606.ENSP00000275603,9606.ENSP00000289371,9606.ENSP00000298316,9606.ENSP00000303511,9606.ENSP00000310572,9606.ENSP00000314067,9606.ENSP00000316176,9606.ENSP00000318297,9606.ENSP00000320295,9606.ENSP00000324527,9606.ENSP00000346634,9606.ENSP00000349722,9606.ENSP00000362946,9606.ENSP00000375978,9606.ENSP00000379975,9606.ENSP00000387710,9606.ENSP00000479202,9606.ENSP00000494051	CCT7,TIMM44,CCT6A,EIF5B,ARF6,PEX6,PSMC5,PAK2,UBE2N,RUVBL1,TUBB3,MYO1D,THRAP3,UBE2D3,RAB14,XRCC5,ILK,TARS1,ARL8B,SEPTIN3
GO Function	GO:0097159	Organic cyclic compound binding	42	6050	0.23	0.0160	9606.ENSP00000216330,9606.ENSP00000243077,9606.ENSP00000254799,9606.ENSP00000258091,9606.ENSP00000270538,9606.ENSP00000275603,9606.ENSP00000285093,9606.ENSP00000289371,9606.ENSP00000298316,9606.ENSP00000300026,9606.ENSP00000303511,9606.ENSP00000304229,9606.ENSP00000310572,9606.ENSP00000314067,9606.ENSP00000316176,9606.ENSP00000318297,9606.ENSP00000320295,9606.ENSP00000324527,9606.ENSP00000343966,9606.ENSP00000346634,9606.ENSP00000349722,9606.ENSP00000357189,9606.ENSP00000362592,9606.ENSP00000362946,9606.ENSP00000367615,9606.ENSP00000371798,9606.ENSP00000375978,9606.ENSP00000378284,9606.ENSP00000379042,9606.ENSP00000379838,9606.ENSP00000379975,9606.ENSP00000387710,9606.ENSP00000400142,9606.ENSP00000419449,9606.ENSP00000421592,9606.ENSP00000426909,9606.ENSP00000479202,9606.ENSP00000481038,9606.ENSP00000486361,9606.ENSP00000494051,9606.ENSP00000495273,9606.ENSP00000499129	FKBP3,LRP1,GRSF1,CCT7,TIMM44,CCT6A,ACAA2,EIF5B,ARF6,PPIB,PEX6,HINT1,PSMC5,PAK2,UBE2N,RUVBL1,TUBB3,MYO1D,PSPC1,THRAP3,UBE2D3,HDGF,RBBP4,RAB14,APRT,FSCN1,XRCC5,MATR3,ERO1A,CARHSP1,ILK,TARS1,EWSR1,EIF1,ALYREF,RACK1,ARL8B,CYFIP1,DBI,SEPTIN3,RPS7,PDIA4
GO Function	GO:0016462	Pyrophosphatase activity	11	705	0.58	0.0492	9606.ENSP00000258091,9606.ENSP00000275603,9606.ENSP00000289371,9606.ENSP00000298316,9606.ENSP00000303511,9606.ENSP00000310572,9606.ENSP00000318297,9606.ENSP00000343885,9606.ENSP00000362946,9606.ENSP00000479202,9606.ENSP00000494051	CCT7,CCT6A,EIF5B,ARF6,PEX6,PSMC5,RUVBL1,PPA2,RAB14,ARL8B,SEPTIN3
GO Component	GO:0070062	Extracellular exosome	39	2096	0.66	3.52e-14	9606.ENSP00000217131,9606.ENSP00000223321,9606.ENSP00000252603,9606.ENSP00000258091,9606.ENSP00000275603,9606.ENSP00000295550,9606.ENSP00000298316,9606.ENSP00000300026,9606.ENSP00000304229,9606.ENSP00000310572,9606.ENSP00000316176,9606.ENSP00000317955,9606.ENSP00000318297,9606.ENSP00000320295,9606.ENSP00000321259,9606.ENSP00000324527,9606.ENSP00000333298,9606.ENSP00000346634,9606.ENSP00000346827,9606.ENSP00000349722,9606.ENSP00000357801,9606.ENSP00000359991,9606.ENSP00000362308,9606.ENSP00000362946,9606.ENSP00000367615,9606.ENSP00000367992,9606.ENSP00000369314,9606.ENSP00000371798,9606.ENSP00000372155,9606.ENSP00000387710,9606.ENSP00000389297,9606.ENSP00000421592,9606.ENSP00000426909,9606.ENSP00000428184,9606.ENSP00000463559,9606.ENSP00000463939,9606.ENSP00000479202,9606.ENSP00000481038,9606.ENSP00000486361	CTSZ,PSMA2,PGLS,CCT7,CCT6A,COL6A3,ARF6,PPIB,HINT1,PSMC5,UBE2N,EEA1,RUVBL1,TUBB3,TALDO1,MYO1D,LAMP1,THRAP3,ALDH9A1,UBE2D3,S100A10,PGAM1,SH3BGRL,RAB14,APRT,ESD,GLRX,FSCN1,PSME1,TARS1,CHCHD3,ALYREF,RACK1,SDCBP,MYL12B,ARHGDIA,ARL8B,CYFIP1,DBI
GO Component	GO:0005615	Extracellular space	45	3247	0.53	3.60e-13	9606.ENSP00000217131,9606.ENSP00000223321,9606.ENSP00000252603,9606.ENSP00000258091,9606.ENSP00000275603,9606.ENSP00000295550,9606.ENSP00000298316,9606.ENSP00000300026,9606.ENSP00000304229,9606.ENSP00000310572,9606.ENSP00000316176,9606.ENSP00000317955,9606.ENSP00000318297,9606.ENSP00000320295,9606.ENSP00000321259,9606.ENSP00000324527,9606.ENSP00000325527,9606.ENSP00000333298,9606.ENSP00000343690,9606.ENSP00000346634,9606.ENSP00000346827,9606.ENSP00000349722,9606.ENSP00000357189,9606.ENSP00000357801,9606.ENSP00000359991,9606.ENSP00000362308,9606.ENSP00000362946,9606.ENSP00000367615,9606.ENSP00000367992,9606.ENSP00000369314,9606.ENSP00000371798,9606.ENSP00000372155,9606.ENSP00000379042,9606.ENSP00000387710,9606.ENSP00000389297,9606.ENSP00000392767,9606.ENSP00000421592,9606.ENSP00000426909,9606.ENSP00000428184,9606.ENSP00000463559,9606.ENSP00000463939,9606.ENSP00000479202,9606.ENSP00000481038,9606.ENSP00000486361,9606.ENSP00000499129	CTSZ,PSMA2,PGLS,CCT7,CCT6A,COL6A3,ARF6,PPIB,HINT1,PSMC5,UBE2N,EEA1,RUVBL1,TUBB3,TALDO1,MYO1D,FBN1,LAMP1,DPYSL3,THRAP3,ALDH9A1,UBE2D3,HDGF,S100A10,PGAM1,SH3BGRL,RAB14,APRT,ESD,GLRX,FSCN1,PSME1,ERO1A,TARS1,CHCHD3,S100A13,ALYREF,RACK1,SDCBP,MYL12B,ARHGDIA,ARL8B,CYFIP1,DBI,PDIA4
GO Component	GO:0005576	Extracellular region	48	4175	0.45	2.34e-11	9606.ENSP00000004982,9606.ENSP00000217131,9606.ENSP00000223321,9606.ENSP00000252603,9606.ENSP00000258091,9606.ENSP00000275603,9606.ENSP00000295550,9606.ENSP00000298316,9606.ENSP00000300026,9606.ENSP00000304229,9606.ENSP00000310572,9606.ENSP00000311469,9606.ENSP00000316176,9606.ENSP00000317955,9606.ENSP00000318297,9606.ENSP00000320295,9606.ENSP00000321259,9606.ENSP00000324527,9606.ENSP00000325527,9606.ENSP00000333298,9606.ENSP00000343690,9606.ENSP00000346634,9606.ENSP00000346827,9606.ENSP00000349722,9606.ENSP00000357189,9606.ENSP00000357801,9606.ENSP00000359991,9606.ENSP00000362308,9606.ENSP00000362946,9606.ENSP00000367615,9606.ENSP00000367992,9606.ENSP00000369314,9606.ENSP00000371798,9606.ENSP00000372155,9606.ENSP00000375978,9606.ENSP00000379042,9606.ENSP00000387710,9606.ENSP00000389297,9606.ENSP00000392767,9606.ENSP00000421592,9606.ENSP00000426909,9606.ENSP00000428184,9606.ENSP00000463559,9606.ENSP00000463939,9606.ENSP00000479202,9606.ENSP00000481038,9606.ENSP00000486361,9606.ENSP00000499129	HSPB6,CTSZ,PSMA2,PGLS,CCT7,CCT6A,COL6A3,ARF6,PPIB,HINT1,PSMC5,GSTM1,UBE2N,EEA1,RUVBL1,TUBB3,TALDO1,MYO1D,FBN1,LAMP1,DPYSL3,THRAP3,ALDH9A1,UBE2D3,HDGF,S100A10,PGAM1,SH3BGRL,RAB14,APRT,ESD,GLRX,FSCN1,PSME1,XRCC5,ERO1A,TARS1,CHCHD3,S100A13,ALYREF,RACK1,SDCBP,MYL12B,ARHGDIA,ARL8B,CYFIP1,DBI,PDIA4
GO Component	GO:0031982	Vesicle	46	3957	0.46	7.63e-11	9606.ENSP00000217131,9606.ENSP00000223321,9606.ENSP00000243077,9606.ENSP00000252603,9606.ENSP00000258091,9606.ENSP00000275603,9606.ENSP00000295550,9606.ENSP00000298316,9606.ENSP00000300026,9606.ENSP00000304229,9606.ENSP00000310572,9606.ENSP00000314067,9606.ENSP00000316176,9606.ENSP00000317955,9606.ENSP00000318297,9606.ENSP00000320295,9606.ENSP00000321259,9606.ENSP00000324527,9606.ENSP00000333298,9606.ENSP00000343690,9606.ENSP00000346634,9606.ENSP00000346827,9606.ENSP00000349722,9606.ENSP00000357801,9606.ENSP00000359991,9606.ENSP00000362308,9606.ENSP00000362946,9606.ENSP00000367615,9606.ENSP00000367992,9606.ENSP00000369314,9606.ENSP00000371798,9606.ENSP00000372155,9606.ENSP00000375978,9606.ENSP00000377374,9606.ENSP00000387710,9606.ENSP00000389297,9606.ENSP00000421592,9606.ENSP00000426909,9606.ENSP00000428184,9606.ENSP00000463559,9606.ENSP00000463939,9606.ENSP00000479202,9606.ENSP00000481038,9606.ENSP00000486361,9606.ENSP00000499129,9606.ENSP00000499797	CTSZ,PSMA2,LRP1,PGLS,CCT7,CCT6A,COL6A3,ARF6,PPIB,HINT1,PSMC5,PAK2,UBE2N,EEA1,RUVBL1,TUBB3,TALDO1,MYO1D,LAMP1,DPYSL3,THRAP3,ALDH9A1,UBE2D3,S100A10,PGAM1,SH3BGRL,RAB14,APRT,ESD,GLRX,FSCN1,PSME1,XRCC5,ERGIC1,TARS1,CHCHD3,ALYREF,RACK1,SDCBP,MYL12B,ARHGDIA,ARL8B,CYFIP1,DBI,PDIA4,CALM2
GO Component	GO:0005737	Cytoplasm	76	12056	0.19	6.71e-10	9606.ENSP00000004982,9606.ENSP00000217131,9606.ENSP00000223321,9606.ENSP00000243077,9606.ENSP00000252603,9606.ENSP00000254799,9606.ENSP00000258091,9606.ENSP00000268668,9606.ENSP00000270538,9606.ENSP00000275603,9606.ENSP00000285093,9606.ENSP00000289371,9606.ENSP00000295550,9606.ENSP00000298316,9606.ENSP00000300026,9606.ENSP00000303511,9606.ENSP00000304229,9606.ENSP00000305653,9606.ENSP00000307292,9606.ENSP00000310572,9606.ENSP00000311469,9606.ENSP00000314067,9606.ENSP00000316176,9606.ENSP00000317955,9606.ENSP00000318297,9606.ENSP00000320295,9606.ENSP00000320663,9606.ENSP00000321259,9606.ENSP00000324527,9606.ENSP00000325527,9606.ENSP00000333298,9606.ENSP00000341743,9606.ENSP00000343690,9606.ENSP00000343885,9606.ENSP00000343966,9606.ENSP00000346827,9606.ENSP00000349722,9606.ENSP00000355486,9606.ENSP00000357189,9606.ENSP00000357801,9606.ENSP00000358737,9606.ENSP00000359991,9606.ENSP00000362308,9606.ENSP00000362592,9606.ENSP00000362946,9606.ENSP00000367615,9606.ENSP00000367992,9606.ENSP00000369314,9606.ENSP00000371798,9606.ENSP00000372155,9606.ENSP00000375978,9606.ENSP00000377374,9606.ENSP00000379042,9606.ENSP00000379838,9606.ENSP00000379975,9606.ENSP00000380336,9606.ENSP00000384949,9606.ENSP00000387710,9606.ENSP00000388942,9606.ENSP00000389297,9606.ENSP00000392767,9606.ENSP00000400142,9606.ENSP00000419449,9606.ENSP00000421592,9606.ENSP00000426909,9606.ENSP00000428184,9606.ENSP00000430598,9606.ENSP00000463559,9606.ENSP00000463939,9606.ENSP00000479202,9606.ENSP00000481038,9606.ENSP00000486361,9606.ENSP00000494051,9606.ENSP00000495273,9606.ENSP00000499129,9606.ENSP00000499797	HSPB6,CTSZ,PSMA2,LRP1,PGLS,GRSF1,CCT7,NDUFB10,TIMM44,CCT6A,ACAA2,EIF5B,COL6A3,ARF6,PPIB,PEX6,HINT1,LETM1,CAVIN3,PSMC5,GSTM1,PAK2,UBE2N,EEA1,RUVBL1,TUBB3,EML4,TALDO1,MYO1D,FBN1,LAMP1,ENSA,DPYSL3,PPA2,PSPC1,ALDH9A1,UBE2D3,COX20,HDGF,S100A10,ATP5PB,PGAM1,SH3BGRL,RBBP4,RAB14,APRT,ESD,GLRX,FSCN1,PSME1,XRCC5,ERGIC1,ERO1A,CARHSP1,ILK,SMU1,PYCR1,TARS1,SCRN1,CHCHD3,S100A13,EWSR1,EIF1,ALYREF,RACK1,SDCBP,ATOX1,MYL12B,ARHGDIA,ARL8B,CYFIP1,DBI,SEPTIN3,RPS7,PDIA4,CALM2
GO Component	GO:0005622	Intracellular anatomical structure	80	14891	0.12	4.55e-08	9606.ENSP00000004982,9606.ENSP00000216330,9606.ENSP00000217131,9606.ENSP00000223321,9606.ENSP00000243077,9606.ENSP00000252603,9606.ENSP00000254799,9606.ENSP00000258091,9606.ENSP00000265260,9606.ENSP00000268668,9606.ENSP00000270538,9606.ENSP00000275603,9606.ENSP00000285093,9606.ENSP00000289371,9606.ENSP00000295550,9606.ENSP00000298316,9606.ENSP00000300026,9606.ENSP00000303511,9606.ENSP00000304229,9606.ENSP00000305653,9606.ENSP00000307292,9606.ENSP00000310572,9606.ENSP00000311469,9606.ENSP00000314067,9606.ENSP00000316176,9606.ENSP00000317955,9606.ENSP00000318297,9606.ENSP00000320295,9606.ENSP00000320663,9606.ENSP00000321259,9606.ENSP00000324527,9606.ENSP00000325527,9606.ENSP00000333298,9606.ENSP00000341743,9606.ENSP00000343690,9606.ENSP00000343885,9606.ENSP00000343966,9606.ENSP00000346634,9606.ENSP00000346827,9606.ENSP00000349722,9606.ENSP00000355486,9606.ENSP00000357189,9606.ENSP00000357801,9606.ENSP00000358737,9606.ENSP00000359991,9606.ENSP00000362308,9606.ENSP00000362592,9606.ENSP00000362946,9606.ENSP00000367615,9606.ENSP00000367992,9606.ENSP00000369314,9606.ENSP00000371798,9606.ENSP00000372155,9606.ENSP00000375978,9606.ENSP00000377374,9606.ENSP00000378284,9606.ENSP00000379042,9606.ENSP00000379838,9606.ENSP00000379975,9606.ENSP00000380336,9606.ENSP00000384949,9606.ENSP00000387710,9606.ENSP00000388942,9606.ENSP00000389297,9606.ENSP00000392767,9606.ENSP00000400142,9606.ENSP00000419449,9606.ENSP00000421592,9606.ENSP00000426909,9606.ENSP00000428184,9606.ENSP00000430598,9606.ENSP00000463559,9606.ENSP00000463939,9606.ENSP00000479202,9606.ENSP00000481038,9606.ENSP00000486361,9606.ENSP00000494051,9606.ENSP00000495273,9606.ENSP00000499129,9606.ENSP00000499797	HSPB6,FKBP3,CTSZ,PSMA2,LRP1,PGLS,GRSF1,CCT7,PCNP,NDUFB10,TIMM44,CCT6A,ACAA2,EIF5B,COL6A3,ARF6,PPIB,PEX6,HINT1,LETM1,CAVIN3,PSMC5,GSTM1,PAK2,UBE2N,EEA1,RUVBL1,TUBB3,EML4,TALDO1,MYO1D,FBN1,LAMP1,ENSA,DPYSL3,PPA2,PSPC1,THRAP3,ALDH9A1,UBE2D3,COX20,HDGF,S100A10,ATP5PB,PGAM1,SH3BGRL,RBBP4,RAB14,APRT,ESD,GLRX,FSCN1,PSME1,XRCC5,ERGIC1,MATR3,ERO1A,CARHSP1,ILK,SMU1,PYCR1,TARS1,SCRN1,CHCHD3,S100A13,EWSR1,EIF1,ALYREF,RACK1,SDCBP,ATOX1,MYL12B,ARHGDIA,ARL8B,CYFIP1,DBI,SEPTIN3,RPS7,PDIA4,CALM2
GO Component	GO:0043226	Organelle	77	14017	0.13	1.95e-06	9606.ENSP00000004982,9606.ENSP00000216330,9606.ENSP00000217131,9606.ENSP00000223321,9606.ENSP00000243077,9606.ENSP00000252603,9606.ENSP00000254799,9606.ENSP00000258091,9606.ENSP00000265260,9606.ENSP00000268668,9606.ENSP00000270538,9606.ENSP00000275603,9606.ENSP00000285093,9606.ENSP00000289371,9606.ENSP00000295550,9606.ENSP00000298316,9606.ENSP00000300026,9606.ENSP00000303511,9606.ENSP00000304229,9606.ENSP00000305653,9606.ENSP00000310572,9606.ENSP00000314067,9606.ENSP00000316176,9606.ENSP00000317955,9606.ENSP00000318297,9606.ENSP00000320295,9606.ENSP00000320663,9606.ENSP00000321259,9606.ENSP00000324527,9606.ENSP00000325527,9606.ENSP00000333298,9606.ENSP00000341743,9606.ENSP00000343690,9606.ENSP00000343885,9606.ENSP00000343966,9606.ENSP00000346634,9606.ENSP00000346827,9606.ENSP00000349722,9606.ENSP00000355486,9606.ENSP00000357189,9606.ENSP00000357801,9606.ENSP00000358737,9606.ENSP00000359991,9606.ENSP00000362308,9606.ENSP00000362592,9606.ENSP00000362946,9606.ENSP00000367615,9606.ENSP00000367992,9606.ENSP00000369314,9606.ENSP00000371798,9606.ENSP00000372155,9606.ENSP00000375978,9606.ENSP00000377374,9606.ENSP00000378284,9606.ENSP00000379042,9606.ENSP00000379838,9606.ENSP00000379975,9606.ENSP00000380336,9606.ENSP00000384949,9606.ENSP00000387710,9606.ENSP00000388942,9606.ENSP00000389297,9606.ENSP00000392767,9606.ENSP00000400142,9606.ENSP00000419449,9606.ENSP00000421592,9606.ENSP00000426909,9606.ENSP00000428184,9606.ENSP00000463559,9606.ENSP00000463939,9606.ENSP00000479202,9606.ENSP00000481038,9606.ENSP00000486361,9606.ENSP00000494051,9606.ENSP00000495273,9606.ENSP00000499129,9606.ENSP00000499797	HSPB6,FKBP3,CTSZ,PSMA2,LRP1,PGLS,GRSF1,CCT7,PCNP,NDUFB10,TIMM44,CCT6A,ACAA2,EIF5B,COL6A3,ARF6,PPIB,PEX6,HINT1,LETM1,PSMC5,PAK2,UBE2N,EEA1,RUVBL1,TUBB3,EML4,TALDO1,MYO1D,FBN1,LAMP1,ENSA,DPYSL3,PPA2,PSPC1,THRAP3,ALDH9A1,UBE2D3,COX20,HDGF,S100A10,ATP5PB,PGAM1,SH3BGRL,RBBP4,RAB14,APRT,ESD,GLRX,FSCN1,PSME1,XRCC5,ERGIC1,MATR3,ERO1A,CARHSP1,ILK,SMU1,PYCR1,TARS1,SCRN1,CHCHD3,S100A13,EWSR1,EIF1,ALYREF,RACK1,SDCBP,MYL12B,ARHGDIA,ARL8B,CYFIP1,DBI,SEPTIN3,RPS7,PDIA4,CALM2
GO Component	GO:0005829	Cytosol	46	5438	0.32	3.98e-06	9606.ENSP00000004982,9606.ENSP00000223321,9606.ENSP00000252603,9606.ENSP00000258091,9606.ENSP00000275603,9606.ENSP00000289371,9606.ENSP00000298316,9606.ENSP00000303511,9606.ENSP00000304229,9606.ENSP00000307292,9606.ENSP00000310572,9606.ENSP00000311469,9606.ENSP00000314067,9606.ENSP00000316176,9606.ENSP00000317955,9606.ENSP00000318297,9606.ENSP00000320663,9606.ENSP00000321259,9606.ENSP00000324527,9606.ENSP00000333298,9606.ENSP00000343690,9606.ENSP00000343885,9606.ENSP00000346827,9606.ENSP00000349722,9606.ENSP00000359991,9606.ENSP00000362592,9606.ENSP00000362946,9606.ENSP00000367615,9606.ENSP00000367992,9606.ENSP00000369314,9606.ENSP00000371798,9606.ENSP00000372155,9606.ENSP00000375978,9606.ENSP00000379838,9606.ENSP00000379975,9606.ENSP00000387710,9606.ENSP00000392767,9606.ENSP00000421592,9606.ENSP00000426909,9606.ENSP00000428184,9606.ENSP00000430598,9606.ENSP00000463559,9606.ENSP00000463939,9606.ENSP00000479202,9606.ENSP00000481038,9606.ENSP00000495273	HSPB6,PSMA2,PGLS,CCT7,CCT6A,EIF5B,ARF6,PEX6,HINT1,CAVIN3,PSMC5,GSTM1,PAK2,UBE2N,EEA1,RUVBL1,EML4,TALDO1,MYO1D,LAMP1,DPYSL3,PPA2,ALDH9A1,UBE2D3,PGAM1,RBBP4,RAB14,APRT,ESD,GLRX,FSCN1,PSME1,XRCC5,CARHSP1,ILK,TARS1,S100A13,ALYREF,RACK1,SDCBP,ATOX1,MYL12B,ARHGDIA,ARL8B,CYFIP1,RPS7
GO Component	GO:0043227	Membrane-bounded organelle	74	13188	0.14	1.06e-05	9606.ENSP00000004982,9606.ENSP00000216330,9606.ENSP00000217131,9606.ENSP00000223321,9606.ENSP00000243077,9606.ENSP00000252603,9606.ENSP00000254799,9606.ENSP00000258091,9606.ENSP00000265260,9606.ENSP00000268668,9606.ENSP00000270538,9606.ENSP00000275603,9606.ENSP00000285093,9606.ENSP00000289371,9606.ENSP00000295550,9606.ENSP00000298316,9606.ENSP00000300026,9606.ENSP00000303511,9606.ENSP00000304229,9606.ENSP00000305653,9606.ENSP00000310572,9606.ENSP00000314067,9606.ENSP00000316176,9606.ENSP00000317955,9606.ENSP00000318297,9606.ENSP00000320295,9606.ENSP00000321259,9606.ENSP00000324527,9606.ENSP00000325527,9606.ENSP00000333298,9606.ENSP00000341743,9606.ENSP00000343690,9606.ENSP00000343885,9606.ENSP00000343966,9606.ENSP00000346634,9606.ENSP00000346827,9606.ENSP00000349722,9606.ENSP00000355486,9606.ENSP00000357189,9606.ENSP00000357801,9606.ENSP00000358737,9606.ENSP00000359991,9606.ENSP00000362308,9606.ENSP00000362592,9606.ENSP00000362946,9606.ENSP00000367615,9606.ENSP00000367992,9606.ENSP00000369314,9606.ENSP00000371798,9606.ENSP00000372155,9606.ENSP00000375978,9606.ENSP00000377374,9606.ENSP00000378284,9606.ENSP00000379042,9606.ENSP00000379975,9606.ENSP00000380336,9606.ENSP00000384949,9606.ENSP00000387710,9606.ENSP00000388942,9606.ENSP00000389297,9606.ENSP00000392767,9606.ENSP00000400142,9606.ENSP00000419449,9606.ENSP00000421592,9606.ENSP00000426909,9606.ENSP00000428184,9606.ENSP00000463559,9606.ENSP00000463939,9606.ENSP00000479202,9606.ENSP00000481038,9606.ENSP00000486361,9606.ENSP00000495273,9606.ENSP00000499129,9606.ENSP00000499797	HSPB6,FKBP3,CTSZ,PSMA2,LRP1,PGLS,GRSF1,CCT7,PCNP,NDUFB10,TIMM44,CCT6A,ACAA2,EIF5B,COL6A3,ARF6,PPIB,PEX6,HINT1,LETM1,PSMC5,PAK2,UBE2N,EEA1,RUVBL1,TUBB3,TALDO1,MYO1D,FBN1,LAMP1,ENSA,DPYSL3,PPA2,PSPC1,THRAP3,ALDH9A1,UBE2D3,COX20,HDGF,S100A10,ATP5PB,PGAM1,SH3BGRL,RBBP4,RAB14,APRT,ESD,GLRX,FSCN1,PSME1,XRCC5,ERGIC1,MATR3,ERO1A,ILK,SMU1,PYCR1,TARS1,SCRN1,CHCHD3,S100A13,EWSR1,EIF1,ALYREF,RACK1,SDCBP,MYL12B,ARHGDIA,ARL8B,CYFIP1,DBI,RPS7,PDIA4,CALM2
GO Component	GO:0043229	Intracellular organelle	74	13231	0.14	1.20e-05	9606.ENSP00000004982,9606.ENSP00000216330,9606.ENSP00000217131,9606.ENSP00000223321,9606.ENSP00000243077,9606.ENSP00000254799,9606.ENSP00000258091,9606.ENSP00000265260,9606.ENSP00000268668,9606.ENSP00000270538,9606.ENSP00000275603,9606.ENSP00000285093,9606.ENSP00000289371,9606.ENSP00000295550,9606.ENSP00000298316,9606.ENSP00000300026,9606.ENSP00000303511,9606.ENSP00000304229,9606.ENSP00000305653,9606.ENSP00000310572,9606.ENSP00000314067,9606.ENSP00000316176,9606.ENSP00000317955,9606.ENSP00000318297,9606.ENSP00000320295,9606.ENSP00000320663,9606.ENSP00000321259,9606.ENSP00000324527,9606.ENSP00000325527,9606.ENSP00000333298,9606.ENSP00000341743,9606.ENSP00000343690,9606.ENSP00000343885,9606.ENSP00000343966,9606.ENSP00000346634,9606.ENSP00000349722,9606.ENSP00000355486,9606.ENSP00000357189,9606.ENSP00000357801,9606.ENSP00000358737,9606.ENSP00000359991,9606.ENSP00000362308,9606.ENSP00000362592,9606.ENSP00000362946,9606.ENSP00000367615,9606.ENSP00000367992,9606.ENSP00000369314,9606.ENSP00000371798,9606.ENSP00000372155,9606.ENSP00000375978,9606.ENSP00000377374,9606.ENSP00000378284,9606.ENSP00000379042,9606.ENSP00000379838,9606.ENSP00000379975,9606.ENSP00000380336,9606.ENSP00000384949,9606.ENSP00000388942,9606.ENSP00000389297,9606.ENSP00000392767,9606.ENSP00000400142,9606.ENSP00000419449,9606.ENSP00000421592,9606.ENSP00000426909,9606.ENSP00000428184,9606.ENSP00000463559,9606.ENSP00000463939,9606.ENSP00000479202,9606.ENSP00000481038,9606.ENSP00000486361,9606.ENSP00000494051,9606.ENSP00000495273,9606.ENSP00000499129,9606.ENSP00000499797	HSPB6,FKBP3,CTSZ,PSMA2,LRP1,GRSF1,CCT7,PCNP,NDUFB10,TIMM44,CCT6A,ACAA2,EIF5B,COL6A3,ARF6,PPIB,PEX6,HINT1,LETM1,PSMC5,PAK2,UBE2N,EEA1,RUVBL1,TUBB3,EML4,TALDO1,MYO1D,FBN1,LAMP1,ENSA,DPYSL3,PPA2,PSPC1,THRAP3,UBE2D3,COX20,HDGF,S100A10,ATP5PB,PGAM1,SH3BGRL,RBBP4,RAB14,APRT,ESD,GLRX,FSCN1,PSME1,XRCC5,ERGIC1,MATR3,ERO1A,CARHSP1,ILK,SMU1,PYCR1,SCRN1,CHCHD3,S100A13,EWSR1,EIF1,ALYREF,RACK1,SDCBP,MYL12B,ARHGDIA,ARL8B,CYFIP1,DBI,SEPTIN3,RPS7,PDIA4,CALM2
GO Component	GO:0070013	Intracellular organelle lumen	43	5660	0.27	0.00037	9606.ENSP00000004982,9606.ENSP00000217131,9606.ENSP00000223321,9606.ENSP00000254799,9606.ENSP00000265260,9606.ENSP00000270538,9606.ENSP00000285093,9606.ENSP00000295550,9606.ENSP00000300026,9606.ENSP00000304229,9606.ENSP00000310572,9606.ENSP00000316176,9606.ENSP00000318297,9606.ENSP00000325527,9606.ENSP00000341743,9606.ENSP00000343885,9606.ENSP00000343966,9606.ENSP00000346634,9606.ENSP00000349722,9606.ENSP00000357189,9606.ENSP00000357801,9606.ENSP00000358737,9606.ENSP00000359991,9606.ENSP00000362592,9606.ENSP00000367615,9606.ENSP00000367992,9606.ENSP00000372155,9606.ENSP00000375978,9606.ENSP00000377374,9606.ENSP00000378284,9606.ENSP00000379042,9606.ENSP00000379975,9606.ENSP00000380336,9606.ENSP00000384949,9606.ENSP00000392767,9606.ENSP00000400142,9606.ENSP00000421592,9606.ENSP00000426909,9606.ENSP00000428184,9606.ENSP00000481038,9606.ENSP00000486361,9606.ENSP00000495273,9606.ENSP00000499129	HSPB6,CTSZ,PSMA2,GRSF1,PCNP,TIMM44,ACAA2,COL6A3,PPIB,HINT1,PSMC5,UBE2N,RUVBL1,FBN1,ENSA,PPA2,PSPC1,THRAP3,UBE2D3,HDGF,S100A10,ATP5PB,PGAM1,RBBP4,APRT,ESD,PSME1,XRCC5,ERGIC1,MATR3,ERO1A,ILK,SMU1,PYCR1,S100A13,EWSR1,ALYREF,RACK1,SDCBP,CYFIP1,DBI,RPS7,PDIA4
GO Component	GO:0043231	Intracellular membrane-bounded organelle	67	12149	0.13	0.0019	9606.ENSP00000004982,9606.ENSP00000216330,9606.ENSP00000217131,9606.ENSP00000223321,9606.ENSP00000243077,9606.ENSP00000254799,9606.ENSP00000265260,9606.ENSP00000268668,9606.ENSP00000270538,9606.ENSP00000285093,9606.ENSP00000289371,9606.ENSP00000295550,9606.ENSP00000298316,9606.ENSP00000300026,9606.ENSP00000303511,9606.ENSP00000304229,9606.ENSP00000305653,9606.ENSP00000310572,9606.ENSP00000314067,9606.ENSP00000316176,9606.ENSP00000317955,9606.ENSP00000318297,9606.ENSP00000320295,9606.ENSP00000321259,9606.ENSP00000324527,9606.ENSP00000325527,9606.ENSP00000333298,9606.ENSP00000341743,9606.ENSP00000343690,9606.ENSP00000343885,9606.ENSP00000343966,9606.ENSP00000346634,9606.ENSP00000349722,9606.ENSP00000355486,9606.ENSP00000357189,9606.ENSP00000357801,9606.ENSP00000358737,9606.ENSP00000359991,9606.ENSP00000362308,9606.ENSP00000362592,9606.ENSP00000362946,9606.ENSP00000367615,9606.ENSP00000367992,9606.ENSP00000369314,9606.ENSP00000372155,9606.ENSP00000375978,9606.ENSP00000377374,9606.ENSP00000378284,9606.ENSP00000379042,9606.ENSP00000379975,9606.ENSP00000380336,9606.ENSP00000384949,9606.ENSP00000388942,9606.ENSP00000389297,9606.ENSP00000392767,9606.ENSP00000400142,9606.ENSP00000419449,9606.ENSP00000421592,9606.ENSP00000426909,9606.ENSP00000428184,9606.ENSP00000463939,9606.ENSP00000479202,9606.ENSP00000481038,9606.ENSP00000486361,9606.ENSP00000495273,9606.ENSP00000499129,9606.ENSP00000499797	HSPB6,FKBP3,CTSZ,PSMA2,LRP1,GRSF1,PCNP,NDUFB10,TIMM44,ACAA2,EIF5B,COL6A3,ARF6,PPIB,PEX6,HINT1,LETM1,PSMC5,PAK2,UBE2N,EEA1,RUVBL1,TUBB3,TALDO1,MYO1D,FBN1,LAMP1,ENSA,DPYSL3,PPA2,PSPC1,THRAP3,UBE2D3,COX20,HDGF,S100A10,ATP5PB,PGAM1,SH3BGRL,RBBP4,RAB14,APRT,ESD,GLRX,PSME1,XRCC5,ERGIC1,MATR3,ERO1A,ILK,SMU1,PYCR1,SCRN1,CHCHD3,S100A13,EWSR1,EIF1,ALYREF,RACK1,SDCBP,ARHGDIA,ARL8B,CYFIP1,DBI,RPS7,PDIA4,CALM2
GO Component	GO:0005788	Endoplasmic reticulum lumen	8	312	0.8	0.0052	9606.ENSP00000217131,9606.ENSP00000295550,9606.ENSP00000300026,9606.ENSP00000325527,9606.ENSP00000367992,9606.ENSP00000379042,9606.ENSP00000486361,9606.ENSP00000499129	CTSZ,COL6A3,PPIB,FBN1,ESD,ERO1A,DBI,PDIA4
GO Component	GO:0031410	Cytoplasmic vesicle	23	2482	0.36	0.0109	9606.ENSP00000217131,9606.ENSP00000223321,9606.ENSP00000243077,9606.ENSP00000298316,9606.ENSP00000300026,9606.ENSP00000310572,9606.ENSP00000314067,9606.ENSP00000317955,9606.ENSP00000324527,9606.ENSP00000333298,9606.ENSP00000343690,9606.ENSP00000349722,9606.ENSP00000359991,9606.ENSP00000362946,9606.ENSP00000367615,9606.ENSP00000367992,9606.ENSP00000375978,9606.ENSP00000377374,9606.ENSP00000428184,9606.ENSP00000479202,9606.ENSP00000481038,9606.ENSP00000499129,9606.ENSP00000499797	CTSZ,PSMA2,LRP1,ARF6,PPIB,PSMC5,PAK2,EEA1,MYO1D,LAMP1,DPYSL3,UBE2D3,PGAM1,RAB14,APRT,ESD,XRCC5,ERGIC1,SDCBP,ARL8B,CYFIP1,PDIA4,CALM2
GO Component	GO:0101004	Cytolytic granule membrane	2	3	2.22	0.0156	9606.ENSP00000333298,9606.ENSP00000479202	LAMP1,ARL8B
GO Component	GO:0034774	Secretory granule lumen	7	321	0.73	0.0339	9606.ENSP00000217131,9606.ENSP00000223321,9606.ENSP00000359991,9606.ENSP00000367615,9606.ENSP00000375978,9606.ENSP00000428184,9606.ENSP00000481038	CTSZ,PSMA2,PGAM1,APRT,XRCC5,SDCBP,CYFIP1
GO Component	GO:0032991	Protein-containing complex	37	5506	0.22	0.0340	9606.ENSP00000223321,9606.ENSP00000243077,9606.ENSP00000254799,9606.ENSP00000258091,9606.ENSP00000268668,9606.ENSP00000270538,9606.ENSP00000275603,9606.ENSP00000295550,9606.ENSP00000300026,9606.ENSP00000304229,9606.ENSP00000307292,9606.ENSP00000310572,9606.ENSP00000316176,9606.ENSP00000317955,9606.ENSP00000318297,9606.ENSP00000324527,9606.ENSP00000343690,9606.ENSP00000346634,9606.ENSP00000357189,9606.ENSP00000357801,9606.ENSP00000358737,9606.ENSP00000362592,9606.ENSP00000372155,9606.ENSP00000375978,9606.ENSP00000379838,9606.ENSP00000380336,9606.ENSP00000389297,9606.ENSP00000419449,9606.ENSP00000421592,9606.ENSP00000426909,9606.ENSP00000428184,9606.ENSP00000463559,9606.ENSP00000481038,9606.ENSP00000486361,9606.ENSP00000494051,9606.ENSP00000495273,9606.ENSP00000499797	PSMA2,LRP1,GRSF1,CCT7,NDUFB10,TIMM44,CCT6A,COL6A3,PPIB,HINT1,CAVIN3,PSMC5,UBE2N,EEA1,RUVBL1,MYO1D,DPYSL3,THRAP3,HDGF,S100A10,ATP5PB,RBBP4,PSME1,XRCC5,CARHSP1,SMU1,CHCHD3,EIF1,ALYREF,RACK1,SDCBP,MYL12B,CYFIP1,DBI,SEPTIN3,RPS7,CALM2
Reactome	HSA-1430728	Metabolism	22	2092	0.41	0.0403	9606.ENSP00000223321,9606.ENSP00000243077,9606.ENSP00000252603,9606.ENSP00000268668,9606.ENSP00000285093,9606.ENSP00000310572,9606.ENSP00000311469,9606.ENSP00000321259,9606.ENSP00000343885,9606.ENSP00000346634,9606.ENSP00000346827,9606.ENSP00000355486,9606.ENSP00000358737,9606.ENSP00000359991,9606.ENSP00000362946,9606.ENSP00000367615,9606.ENSP00000367992,9606.ENSP00000369314,9606.ENSP00000372155,9606.ENSP00000384949,9606.ENSP00000486361,9606.ENSP00000495273	PSMA2,LRP1,PGLS,NDUFB10,ACAA2,PSMC5,GSTM1,TALDO1,PPA2,THRAP3,ALDH9A1,COX20,ATP5PB,PGAM1,RAB14,APRT,ESD,GLRX,PSME1,PYCR1,DBI,RPS7
Reactome	HSA-168249	Innate Immune System	15	1041	0.55	0.0403	9606.ENSP00000217131,9606.ENSP00000223321,9606.ENSP00000310572,9606.ENSP00000314067,9606.ENSP00000316176,9606.ENSP00000317955,9606.ENSP00000333298,9606.ENSP00000359991,9606.ENSP00000362946,9606.ENSP00000367615,9606.ENSP00000372155,9606.ENSP00000375978,9606.ENSP00000428184,9606.ENSP00000430598,9606.ENSP00000481038	CTSZ,PSMA2,PSMC5,PAK2,UBE2N,EEA1,LAMP1,PGAM1,RAB14,APRT,PSME1,XRCC5,SDCBP,ATOX1,CYFIP1
Reactome	HSA-202403	TCR signaling	5	114	1.03	0.0403	9606.ENSP00000223321,9606.ENSP00000310572,9606.ENSP00000314067,9606.ENSP00000316176,9606.ENSP00000372155	PSMA2,PSMC5,PAK2,UBE2N,PSME1
Reactome	HSA-211733	Regulation of activated PAK-2p34 by proteasome mediated degradation	4	49	1.3	0.0403	9606.ENSP00000223321,9606.ENSP00000310572,9606.ENSP00000314067,9606.ENSP00000372155	PSMA2,PSMC5,PAK2,PSME1
Reactome	HSA-422475	Axon guidance	10	551	0.65	0.0403	9606.ENSP00000223321,9606.ENSP00000295550,9606.ENSP00000310572,9606.ENSP00000314067,9606.ENSP00000320295,9606.ENSP00000343690,9606.ENSP00000372155,9606.ENSP00000428184,9606.ENSP00000463559,9606.ENSP00000495273	PSMA2,COL6A3,PSMC5,PAK2,TUBB3,DPYSL3,PSME1,SDCBP,MYL12B,RPS7
Reactome	HSA-6798695	Neutrophil degranulation	9	476	0.67	0.0403	9606.ENSP00000217131,9606.ENSP00000223321,9606.ENSP00000333298,9606.ENSP00000359991,9606.ENSP00000362946,9606.ENSP00000367615,9606.ENSP00000375978,9606.ENSP00000428184,9606.ENSP00000481038	CTSZ,PSMA2,LAMP1,PGAM1,RAB14,APRT,XRCC5,SDCBP,CYFIP1
Reactome	HSA-9711123	Cellular response to chemical stress	7	195	0.95	0.0403	9606.ENSP00000223321,9606.ENSP00000310572,9606.ENSP00000321259,9606.ENSP00000355486,9606.ENSP00000372155,9606.ENSP00000379042,9606.ENSP00000430598	PSMA2,PSMC5,TALDO1,COX20,PSME1,ERO1A,ATOX1
Reactome	HSA-389960	Formation of tubulin folding intermediates by CCT/TriC	3	25	1.47	0.0443	9606.ENSP00000258091,9606.ENSP00000275603,9606.ENSP00000320295	CCT7,CCT6A,TUBB3
Reactome	HSA-2262752	Cellular responses to stress	11	747	0.56	0.0471	9606.ENSP00000223321,9606.ENSP00000310572,9606.ENSP00000320295,9606.ENSP00000321259,9606.ENSP00000355486,9606.ENSP00000357189,9606.ENSP00000362592,9606.ENSP00000372155,9606.ENSP00000379042,9606.ENSP00000430598,9606.ENSP00000495273	PSMA2,PSMC5,TUBB3,TALDO1,COX20,HDGF,RBBP4,PSME1,ERO1A,ATOX1,RPS7
Reactome	HSA-2454202	Fc epsilon receptor (FCERI) signaling	5	131	0.97	0.0471	9606.ENSP00000223321,9606.ENSP00000310572,9606.ENSP00000314067,9606.ENSP00000316176,9606.ENSP00000372155	PSMA2,PSMC5,PAK2,UBE2N,PSME1
Reactome	HSA-2871837	FCERI mediated NF-kB activation	4	82	1.08	0.0471	9606.ENSP00000223321,9606.ENSP00000310572,9606.ENSP00000316176,9606.ENSP00000372155	PSMA2,PSMC5,UBE2N,PSME1
Reactome	HSA-389957	Prefoldin mediated transfer of substrate  to CCT/TriC	3	27	1.44	0.0471	9606.ENSP00000258091,9606.ENSP00000275603,9606.ENSP00000320295	CCT7,CCT6A,TUBB3
Reactome	HSA-5621481	C-type lectin receptors (CLRs)	5	138	0.95	0.0471	9606.ENSP00000223321,9606.ENSP00000310572,9606.ENSP00000314067,9606.ENSP00000316176,9606.ENSP00000372155	PSMA2,PSMC5,PAK2,UBE2N,PSME1
Reactome	HSA-5663205	Infectious disease	12	917	0.51	0.0471	9606.ENSP00000223321,9606.ENSP00000254799,9606.ENSP00000300026,9606.ENSP00000310572,9606.ENSP00000314067,9606.ENSP00000316176,9606.ENSP00000320295,9606.ENSP00000362592,9606.ENSP00000372155,9606.ENSP00000375978,9606.ENSP00000481038,9606.ENSP00000495273	PSMA2,GRSF1,PPIB,PSMC5,PAK2,UBE2N,TUBB3,RBBP4,PSME1,XRCC5,CYFIP1,RPS7
Reactome	HSA-69202	Cyclin E associated events during G1/S transition	4	82	1.08	0.0471	9606.ENSP00000223321,9606.ENSP00000310572,9606.ENSP00000362592,9606.ENSP00000372155	PSMA2,PSMC5,RBBP4,PSME1
Reactome	HSA-69656	Cyclin A:Cdk2-associated events at S phase entry	4	84	1.07	0.0471	9606.ENSP00000223321,9606.ENSP00000310572,9606.ENSP00000362592,9606.ENSP00000372155	PSMA2,PSMC5,RBBP4,PSME1
Reactome	HSA-8852276	The role of GTSE1 in G2/M progression after G2 checkpoint	4	77	1.11	0.0471	9606.ENSP00000223321,9606.ENSP00000310572,9606.ENSP00000320295,9606.ENSP00000372155	PSMA2,PSMC5,TUBB3,PSME1
Reactome	HSA-9013408	RHOG GTPase cycle	4	73	1.13	0.0471	9606.ENSP00000305653,9606.ENSP00000314067,9606.ENSP00000463939,9606.ENSP00000481038	LETM1,PAK2,ARHGDIA,CYFIP1
Reactome	HSA-9759194	Nuclear events mediated by NFE2L2	4	77	1.11	0.0471	9606.ENSP00000223321,9606.ENSP00000310572,9606.ENSP00000321259,9606.ENSP00000372155	PSMA2,PSMC5,TALDO1,PSME1
TISSUES	BTO:0000345	Digestive gland	57	2881	0.69	1.84e-26	9606.ENSP00000216330,9606.ENSP00000217131,9606.ENSP00000223321,9606.ENSP00000243077,9606.ENSP00000258091,9606.ENSP00000268668,9606.ENSP00000275603,9606.ENSP00000285093,9606.ENSP00000289371,9606.ENSP00000295550,9606.ENSP00000298316,9606.ENSP00000300026,9606.ENSP00000304229,9606.ENSP00000305653,9606.ENSP00000310572,9606.ENSP00000311469,9606.ENSP00000317955,9606.ENSP00000318297,9606.ENSP00000320663,9606.ENSP00000321259,9606.ENSP00000325527,9606.ENSP00000333298,9606.ENSP00000341743,9606.ENSP00000343690,9606.ENSP00000343885,9606.ENSP00000343966,9606.ENSP00000346634,9606.ENSP00000346827,9606.ENSP00000357189,9606.ENSP00000357801,9606.ENSP00000358737,9606.ENSP00000359991,9606.ENSP00000362592,9606.ENSP00000362946,9606.ENSP00000367615,9606.ENSP00000367992,9606.ENSP00000369314,9606.ENSP00000371798,9606.ENSP00000372155,9606.ENSP00000375978,9606.ENSP00000377374,9606.ENSP00000379042,9606.ENSP00000379838,9606.ENSP00000400142,9606.ENSP00000419449,9606.ENSP00000421592,9606.ENSP00000426909,9606.ENSP00000428184,9606.ENSP00000430598,9606.ENSP00000463559,9606.ENSP00000463939,9606.ENSP00000479202,9606.ENSP00000481038,9606.ENSP00000486361,9606.ENSP00000495273,9606.ENSP00000499129,9606.ENSP00000499797	FKBP3,CTSZ,PSMA2,LRP1,CCT7,NDUFB10,CCT6A,ACAA2,EIF5B,COL6A3,ARF6,PPIB,HINT1,LETM1,PSMC5,GSTM1,EEA1,RUVBL1,EML4,TALDO1,FBN1,LAMP1,ENSA,DPYSL3,PPA2,PSPC1,THRAP3,ALDH9A1,HDGF,S100A10,ATP5PB,PGAM1,RBBP4,RAB14,APRT,ESD,GLRX,FSCN1,PSME1,XRCC5,ERGIC1,ERO1A,CARHSP1,EWSR1,EIF1,ALYREF,RACK1,SDCBP,ATOX1,MYL12B,ARHGDIA,ARL8B,CYFIP1,DBI,RPS7,PDIA4,CALM2
TISSUES	BTO:0001491	Viscus	67	5378	0.49	1.42e-22	9606.ENSP00000004982,9606.ENSP00000216330,9606.ENSP00000217131,9606.ENSP00000223321,9606.ENSP00000243077,9606.ENSP00000252603,9606.ENSP00000254799,9606.ENSP00000258091,9606.ENSP00000265260,9606.ENSP00000268668,9606.ENSP00000275603,9606.ENSP00000285093,9606.ENSP00000289371,9606.ENSP00000295550,9606.ENSP00000298316,9606.ENSP00000300026,9606.ENSP00000304229,9606.ENSP00000305653,9606.ENSP00000310572,9606.ENSP00000311469,9606.ENSP00000314067,9606.ENSP00000316176,9606.ENSP00000317955,9606.ENSP00000318297,9606.ENSP00000320295,9606.ENSP00000320663,9606.ENSP00000321259,9606.ENSP00000325527,9606.ENSP00000333298,9606.ENSP00000341743,9606.ENSP00000343690,9606.ENSP00000343885,9606.ENSP00000343966,9606.ENSP00000346634,9606.ENSP00000346827,9606.ENSP00000349722,9606.ENSP00000357189,9606.ENSP00000357801,9606.ENSP00000358737,9606.ENSP00000359991,9606.ENSP00000362308,9606.ENSP00000362592,9606.ENSP00000362946,9606.ENSP00000367615,9606.ENSP00000367992,9606.ENSP00000369314,9606.ENSP00000371798,9606.ENSP00000372155,9606.ENSP00000375978,9606.ENSP00000377374,9606.ENSP00000379042,9606.ENSP00000379975,9606.ENSP00000384949,9606.ENSP00000389297,9606.ENSP00000400142,9606.ENSP00000419449,9606.ENSP00000421592,9606.ENSP00000426909,9606.ENSP00000428184,9606.ENSP00000430598,9606.ENSP00000463559,9606.ENSP00000463939,9606.ENSP00000481038,9606.ENSP00000486361,9606.ENSP00000495273,9606.ENSP00000499129,9606.ENSP00000499797	HSPB6,FKBP3,CTSZ,PSMA2,LRP1,PGLS,GRSF1,CCT7,PCNP,NDUFB10,CCT6A,ACAA2,EIF5B,COL6A3,ARF6,PPIB,HINT1,LETM1,PSMC5,GSTM1,PAK2,UBE2N,EEA1,RUVBL1,TUBB3,EML4,TALDO1,FBN1,LAMP1,ENSA,DPYSL3,PPA2,PSPC1,THRAP3,ALDH9A1,UBE2D3,HDGF,S100A10,ATP5PB,PGAM1,SH3BGRL,RBBP4,RAB14,APRT,ESD,GLRX,FSCN1,PSME1,XRCC5,ERGIC1,ERO1A,ILK,PYCR1,CHCHD3,EWSR1,EIF1,ALYREF,RACK1,SDCBP,ATOX1,MYL12B,ARHGDIA,CYFIP1,DBI,RPS7,PDIA4,CALM2
TISSUES	BTO:0000759	Liver	46	2125	0.73	3.82e-21	9606.ENSP00000217131,9606.ENSP00000223321,9606.ENSP00000243077,9606.ENSP00000258091,9606.ENSP00000268668,9606.ENSP00000275603,9606.ENSP00000285093,9606.ENSP00000289371,9606.ENSP00000295550,9606.ENSP00000298316,9606.ENSP00000300026,9606.ENSP00000304229,9606.ENSP00000305653,9606.ENSP00000310572,9606.ENSP00000311469,9606.ENSP00000317955,9606.ENSP00000320663,9606.ENSP00000321259,9606.ENSP00000325527,9606.ENSP00000333298,9606.ENSP00000343885,9606.ENSP00000343966,9606.ENSP00000346827,9606.ENSP00000357189,9606.ENSP00000357801,9606.ENSP00000358737,9606.ENSP00000359991,9606.ENSP00000362592,9606.ENSP00000362946,9606.ENSP00000367615,9606.ENSP00000369314,9606.ENSP00000371798,9606.ENSP00000372155,9606.ENSP00000375978,9606.ENSP00000379042,9606.ENSP00000400142,9606.ENSP00000421592,9606.ENSP00000426909,9606.ENSP00000428184,9606.ENSP00000430598,9606.ENSP00000463559,9606.ENSP00000463939,9606.ENSP00000486361,9606.ENSP00000495273,9606.ENSP00000499129,9606.ENSP00000499797	CTSZ,PSMA2,LRP1,CCT7,NDUFB10,CCT6A,ACAA2,EIF5B,COL6A3,ARF6,PPIB,HINT1,LETM1,PSMC5,GSTM1,EEA1,EML4,TALDO1,FBN1,LAMP1,PPA2,PSPC1,ALDH9A1,HDGF,S100A10,ATP5PB,PGAM1,RBBP4,RAB14,APRT,GLRX,FSCN1,PSME1,XRCC5,ERO1A,EWSR1,ALYREF,RACK1,SDCBP,ATOX1,MYL12B,ARHGDIA,DBI,RPS7,PDIA4,CALM2
TISSUES	BTO:0001488	Endocrine gland	68	6403	0.42	2.84e-19	9606.ENSP00000004982,9606.ENSP00000216330,9606.ENSP00000217131,9606.ENSP00000223321,9606.ENSP00000243077,9606.ENSP00000254799,9606.ENSP00000258091,9606.ENSP00000265260,9606.ENSP00000268668,9606.ENSP00000275603,9606.ENSP00000285093,9606.ENSP00000289371,9606.ENSP00000295550,9606.ENSP00000298316,9606.ENSP00000300026,9606.ENSP00000304229,9606.ENSP00000305653,9606.ENSP00000307292,9606.ENSP00000310572,9606.ENSP00000311469,9606.ENSP00000314067,9606.ENSP00000317955,9606.ENSP00000318297,9606.ENSP00000320663,9606.ENSP00000321259,9606.ENSP00000324527,9606.ENSP00000325527,9606.ENSP00000333298,9606.ENSP00000341743,9606.ENSP00000343690,9606.ENSP00000343885,9606.ENSP00000343966,9606.ENSP00000346634,9606.ENSP00000346827,9606.ENSP00000349722,9606.ENSP00000357189,9606.ENSP00000357801,9606.ENSP00000358737,9606.ENSP00000359991,9606.ENSP00000362592,9606.ENSP00000362946,9606.ENSP00000367615,9606.ENSP00000367992,9606.ENSP00000369314,9606.ENSP00000371798,9606.ENSP00000372155,9606.ENSP00000375978,9606.ENSP00000377374,9606.ENSP00000378284,9606.ENSP00000379042,9606.ENSP00000379838,9606.ENSP00000387710,9606.ENSP00000388942,9606.ENSP00000392767,9606.ENSP00000400142,9606.ENSP00000419449,9606.ENSP00000421592,9606.ENSP00000426909,9606.ENSP00000428184,9606.ENSP00000430598,9606.ENSP00000463559,9606.ENSP00000463939,9606.ENSP00000479202,9606.ENSP00000481038,9606.ENSP00000486361,9606.ENSP00000495273,9606.ENSP00000499129,9606.ENSP00000499797	HSPB6,FKBP3,CTSZ,PSMA2,LRP1,GRSF1,CCT7,PCNP,NDUFB10,CCT6A,ACAA2,EIF5B,COL6A3,ARF6,PPIB,HINT1,LETM1,CAVIN3,PSMC5,GSTM1,PAK2,EEA1,RUVBL1,EML4,TALDO1,MYO1D,FBN1,LAMP1,ENSA,DPYSL3,PPA2,PSPC1,THRAP3,ALDH9A1,UBE2D3,HDGF,S100A10,ATP5PB,PGAM1,RBBP4,RAB14,APRT,ESD,GLRX,FSCN1,PSME1,XRCC5,ERGIC1,MATR3,ERO1A,CARHSP1,TARS1,SCRN1,S100A13,EWSR1,EIF1,ALYREF,RACK1,SDCBP,ATOX1,MYL12B,ARHGDIA,ARL8B,CYFIP1,DBI,RPS7,PDIA4,CALM2
TISSUES	BTO:0000522	Gland	69	7004	0.38	5.48e-18	9606.ENSP00000004982,9606.ENSP00000216330,9606.ENSP00000217131,9606.ENSP00000223321,9606.ENSP00000243077,9606.ENSP00000254799,9606.ENSP00000258091,9606.ENSP00000265260,9606.ENSP00000268668,9606.ENSP00000275603,9606.ENSP00000285093,9606.ENSP00000289371,9606.ENSP00000295550,9606.ENSP00000298316,9606.ENSP00000300026,9606.ENSP00000304229,9606.ENSP00000305653,9606.ENSP00000307292,9606.ENSP00000310572,9606.ENSP00000311469,9606.ENSP00000314067,9606.ENSP00000317955,9606.ENSP00000318297,9606.ENSP00000320663,9606.ENSP00000321259,9606.ENSP00000324527,9606.ENSP00000325527,9606.ENSP00000333298,9606.ENSP00000341743,9606.ENSP00000343690,9606.ENSP00000343885,9606.ENSP00000343966,9606.ENSP00000346634,9606.ENSP00000346827,9606.ENSP00000349722,9606.ENSP00000357189,9606.ENSP00000357801,9606.ENSP00000358737,9606.ENSP00000359991,9606.ENSP00000362308,9606.ENSP00000362592,9606.ENSP00000362946,9606.ENSP00000367615,9606.ENSP00000367992,9606.ENSP00000369314,9606.ENSP00000371798,9606.ENSP00000372155,9606.ENSP00000375978,9606.ENSP00000377374,9606.ENSP00000378284,9606.ENSP00000379042,9606.ENSP00000379838,9606.ENSP00000387710,9606.ENSP00000388942,9606.ENSP00000392767,9606.ENSP00000400142,9606.ENSP00000419449,9606.ENSP00000421592,9606.ENSP00000426909,9606.ENSP00000428184,9606.ENSP00000430598,9606.ENSP00000463559,9606.ENSP00000463939,9606.ENSP00000479202,9606.ENSP00000481038,9606.ENSP00000486361,9606.ENSP00000495273,9606.ENSP00000499129,9606.ENSP00000499797	HSPB6,FKBP3,CTSZ,PSMA2,LRP1,GRSF1,CCT7,PCNP,NDUFB10,CCT6A,ACAA2,EIF5B,COL6A3,ARF6,PPIB,HINT1,LETM1,CAVIN3,PSMC5,GSTM1,PAK2,EEA1,RUVBL1,EML4,TALDO1,MYO1D,FBN1,LAMP1,ENSA,DPYSL3,PPA2,PSPC1,THRAP3,ALDH9A1,UBE2D3,HDGF,S100A10,ATP5PB,PGAM1,SH3BGRL,RBBP4,RAB14,APRT,ESD,GLRX,FSCN1,PSME1,XRCC5,ERGIC1,MATR3,ERO1A,CARHSP1,TARS1,SCRN1,S100A13,EWSR1,EIF1,ALYREF,RACK1,SDCBP,ATOX1,MYL12B,ARHGDIA,ARL8B,CYFIP1,DBI,RPS7,PDIA4,CALM2
TISSUES	BTO:0000083	Female reproductive system	58	6111	0.37	1.39e-11	9606.ENSP00000216330,9606.ENSP00000217131,9606.ENSP00000223321,9606.ENSP00000243077,9606.ENSP00000252603,9606.ENSP00000254799,9606.ENSP00000258091,9606.ENSP00000265260,9606.ENSP00000268668,9606.ENSP00000275603,9606.ENSP00000289371,9606.ENSP00000295550,9606.ENSP00000298316,9606.ENSP00000300026,9606.ENSP00000304229,9606.ENSP00000310572,9606.ENSP00000311469,9606.ENSP00000314067,9606.ENSP00000316176,9606.ENSP00000318297,9606.ENSP00000320663,9606.ENSP00000321259,9606.ENSP00000324527,9606.ENSP00000325527,9606.ENSP00000333298,9606.ENSP00000341743,9606.ENSP00000343690,9606.ENSP00000343885,9606.ENSP00000343966,9606.ENSP00000346827,9606.ENSP00000349722,9606.ENSP00000357189,9606.ENSP00000358737,9606.ENSP00000359991,9606.ENSP00000362308,9606.ENSP00000362592,9606.ENSP00000362946,9606.ENSP00000367615,9606.ENSP00000371798,9606.ENSP00000375978,9606.ENSP00000377374,9606.ENSP00000379838,9606.ENSP00000379975,9606.ENSP00000384949,9606.ENSP00000387710,9606.ENSP00000389297,9606.ENSP00000400142,9606.ENSP00000419449,9606.ENSP00000426909,9606.ENSP00000428184,9606.ENSP00000430598,9606.ENSP00000463559,9606.ENSP00000463939,9606.ENSP00000479202,9606.ENSP00000481038,9606.ENSP00000495273,9606.ENSP00000499129,9606.ENSP00000499797	FKBP3,CTSZ,PSMA2,LRP1,PGLS,GRSF1,CCT7,PCNP,NDUFB10,CCT6A,EIF5B,COL6A3,ARF6,PPIB,HINT1,PSMC5,GSTM1,PAK2,UBE2N,RUVBL1,EML4,TALDO1,MYO1D,FBN1,LAMP1,ENSA,DPYSL3,PPA2,PSPC1,ALDH9A1,UBE2D3,HDGF,ATP5PB,PGAM1,SH3BGRL,RBBP4,RAB14,APRT,FSCN1,XRCC5,ERGIC1,CARHSP1,ILK,PYCR1,TARS1,CHCHD3,EWSR1,EIF1,RACK1,SDCBP,ATOX1,MYL12B,ARHGDIA,ARL8B,CYFIP1,RPS7,PDIA4,CALM2
TISSUES	BTO:0003914	Interstitial cell of Cajal	14	193	1.25	3.46e-11	9606.ENSP00000223321,9606.ENSP00000252603,9606.ENSP00000258091,9606.ENSP00000275603,9606.ENSP00000316176,9606.ENSP00000318297,9606.ENSP00000320295,9606.ENSP00000343690,9606.ENSP00000359991,9606.ENSP00000367992,9606.ENSP00000371798,9606.ENSP00000426909,9606.ENSP00000463939,9606.ENSP00000499797	PSMA2,PGLS,CCT7,CCT6A,UBE2N,RUVBL1,TUBB3,DPYSL3,PGAM1,ESD,FSCN1,RACK1,ARHGDIA,CALM2
TISSUES	BTO:0003099	Internal female genital organ	38	2804	0.52	3.55e-10	9606.ENSP00000216330,9606.ENSP00000217131,9606.ENSP00000223321,9606.ENSP00000243077,9606.ENSP00000268668,9606.ENSP00000295550,9606.ENSP00000298316,9606.ENSP00000304229,9606.ENSP00000314067,9606.ENSP00000316176,9606.ENSP00000318297,9606.ENSP00000320663,9606.ENSP00000321259,9606.ENSP00000325527,9606.ENSP00000333298,9606.ENSP00000341743,9606.ENSP00000343885,9606.ENSP00000343966,9606.ENSP00000349722,9606.ENSP00000359991,9606.ENSP00000362592,9606.ENSP00000362946,9606.ENSP00000367615,9606.ENSP00000375978,9606.ENSP00000379838,9606.ENSP00000379975,9606.ENSP00000384949,9606.ENSP00000387710,9606.ENSP00000389297,9606.ENSP00000400142,9606.ENSP00000426909,9606.ENSP00000430598,9606.ENSP00000463559,9606.ENSP00000463939,9606.ENSP00000479202,9606.ENSP00000481038,9606.ENSP00000495273,9606.ENSP00000499797	FKBP3,CTSZ,PSMA2,LRP1,NDUFB10,COL6A3,ARF6,HINT1,PAK2,UBE2N,RUVBL1,EML4,TALDO1,FBN1,LAMP1,ENSA,PPA2,PSPC1,UBE2D3,PGAM1,RBBP4,RAB14,APRT,XRCC5,CARHSP1,ILK,PYCR1,TARS1,CHCHD3,EWSR1,RACK1,ATOX1,MYL12B,ARHGDIA,ARL8B,CYFIP1,RPS7,CALM2
TISSUES	BTO:0001489	Whole body	78	13099	0.17	1.33e-09	9606.ENSP00000004982,9606.ENSP00000216330,9606.ENSP00000217131,9606.ENSP00000223321,9606.ENSP00000243077,9606.ENSP00000252603,9606.ENSP00000254799,9606.ENSP00000258091,9606.ENSP00000265260,9606.ENSP00000268668,9606.ENSP00000270538,9606.ENSP00000275603,9606.ENSP00000285093,9606.ENSP00000289371,9606.ENSP00000295550,9606.ENSP00000298316,9606.ENSP00000300026,9606.ENSP00000304229,9606.ENSP00000305653,9606.ENSP00000307292,9606.ENSP00000310572,9606.ENSP00000311469,9606.ENSP00000314067,9606.ENSP00000316176,9606.ENSP00000317955,9606.ENSP00000318297,9606.ENSP00000320295,9606.ENSP00000320663,9606.ENSP00000321259,9606.ENSP00000324527,9606.ENSP00000325527,9606.ENSP00000333298,9606.ENSP00000341743,9606.ENSP00000343690,9606.ENSP00000343885,9606.ENSP00000343966,9606.ENSP00000346634,9606.ENSP00000346827,9606.ENSP00000349722,9606.ENSP00000357189,9606.ENSP00000357801,9606.ENSP00000358737,9606.ENSP00000359991,9606.ENSP00000362308,9606.ENSP00000362592,9606.ENSP00000362946,9606.ENSP00000367615,9606.ENSP00000367992,9606.ENSP00000369314,9606.ENSP00000371798,9606.ENSP00000372155,9606.ENSP00000375978,9606.ENSP00000377374,9606.ENSP00000378284,9606.ENSP00000379042,9606.ENSP00000379838,9606.ENSP00000379975,9606.ENSP00000380336,9606.ENSP00000384949,9606.ENSP00000387710,9606.ENSP00000388942,9606.ENSP00000389297,9606.ENSP00000392767,9606.ENSP00000400142,9606.ENSP00000419449,9606.ENSP00000421592,9606.ENSP00000426909,9606.ENSP00000428184,9606.ENSP00000430598,9606.ENSP00000463559,9606.ENSP00000463939,9606.ENSP00000479202,9606.ENSP00000481038,9606.ENSP00000486361,9606.ENSP00000494051,9606.ENSP00000495273,9606.ENSP00000499129,9606.ENSP00000499797	HSPB6,FKBP3,CTSZ,PSMA2,LRP1,PGLS,GRSF1,CCT7,PCNP,NDUFB10,TIMM44,CCT6A,ACAA2,EIF5B,COL6A3,ARF6,PPIB,HINT1,LETM1,CAVIN3,PSMC5,GSTM1,PAK2,UBE2N,EEA1,RUVBL1,TUBB3,EML4,TALDO1,MYO1D,FBN1,LAMP1,ENSA,DPYSL3,PPA2,PSPC1,THRAP3,ALDH9A1,UBE2D3,HDGF,S100A10,ATP5PB,PGAM1,SH3BGRL,RBBP4,RAB14,APRT,ESD,GLRX,FSCN1,PSME1,XRCC5,ERGIC1,MATR3,ERO1A,CARHSP1,ILK,SMU1,PYCR1,TARS1,SCRN1,CHCHD3,S100A13,EWSR1,EIF1,ALYREF,RACK1,SDCBP,ATOX1,MYL12B,ARHGDIA,ARL8B,CYFIP1,DBI,SEPTIN3,RPS7,PDIA4,CALM2
TISSUES	BTO:0003091	Urogenital system	59	7090	0.31	1.57e-09	9606.ENSP00000216330,9606.ENSP00000217131,9606.ENSP00000223321,9606.ENSP00000243077,9606.ENSP00000252603,9606.ENSP00000254799,9606.ENSP00000258091,9606.ENSP00000265260,9606.ENSP00000268668,9606.ENSP00000275603,9606.ENSP00000289371,9606.ENSP00000295550,9606.ENSP00000298316,9606.ENSP00000300026,9606.ENSP00000304229,9606.ENSP00000310572,9606.ENSP00000311469,9606.ENSP00000314067,9606.ENSP00000316176,9606.ENSP00000318297,9606.ENSP00000320663,9606.ENSP00000321259,9606.ENSP00000324527,9606.ENSP00000325527,9606.ENSP00000333298,9606.ENSP00000341743,9606.ENSP00000343690,9606.ENSP00000343885,9606.ENSP00000343966,9606.ENSP00000346827,9606.ENSP00000349722,9606.ENSP00000357189,9606.ENSP00000358737,9606.ENSP00000359991,9606.ENSP00000362308,9606.ENSP00000362592,9606.ENSP00000362946,9606.ENSP00000367615,9606.ENSP00000369314,9606.ENSP00000371798,9606.ENSP00000375978,9606.ENSP00000377374,9606.ENSP00000379838,9606.ENSP00000379975,9606.ENSP00000384949,9606.ENSP00000387710,9606.ENSP00000389297,9606.ENSP00000400142,9606.ENSP00000419449,9606.ENSP00000426909,9606.ENSP00000428184,9606.ENSP00000430598,9606.ENSP00000463559,9606.ENSP00000463939,9606.ENSP00000479202,9606.ENSP00000481038,9606.ENSP00000495273,9606.ENSP00000499129,9606.ENSP00000499797	FKBP3,CTSZ,PSMA2,LRP1,PGLS,GRSF1,CCT7,PCNP,NDUFB10,CCT6A,EIF5B,COL6A3,ARF6,PPIB,HINT1,PSMC5,GSTM1,PAK2,UBE2N,RUVBL1,EML4,TALDO1,MYO1D,FBN1,LAMP1,ENSA,DPYSL3,PPA2,PSPC1,ALDH9A1,UBE2D3,HDGF,ATP5PB,PGAM1,SH3BGRL,RBBP4,RAB14,APRT,GLRX,FSCN1,XRCC5,ERGIC1,CARHSP1,ILK,PYCR1,TARS1,CHCHD3,EWSR1,EIF1,RACK1,SDCBP,ATOX1,MYL12B,ARHGDIA,ARL8B,CYFIP1,RPS7,PDIA4,CALM2
TISSUES	BTO:0000142	Brain	52	5733	0.35	6.71e-09	9606.ENSP00000223321,9606.ENSP00000243077,9606.ENSP00000254799,9606.ENSP00000258091,9606.ENSP00000265260,9606.ENSP00000270538,9606.ENSP00000275603,9606.ENSP00000289371,9606.ENSP00000298316,9606.ENSP00000300026,9606.ENSP00000310572,9606.ENSP00000316176,9606.ENSP00000318297,9606.ENSP00000320663,9606.ENSP00000321259,9606.ENSP00000324527,9606.ENSP00000333298,9606.ENSP00000341743,9606.ENSP00000343690,9606.ENSP00000343885,9606.ENSP00000346827,9606.ENSP00000349722,9606.ENSP00000357189,9606.ENSP00000357801,9606.ENSP00000358737,9606.ENSP00000359991,9606.ENSP00000362308,9606.ENSP00000362592,9606.ENSP00000362946,9606.ENSP00000367992,9606.ENSP00000369314,9606.ENSP00000371798,9606.ENSP00000375978,9606.ENSP00000377374,9606.ENSP00000378284,9606.ENSP00000379838,9606.ENSP00000379975,9606.ENSP00000384949,9606.ENSP00000387710,9606.ENSP00000388942,9606.ENSP00000400142,9606.ENSP00000419449,9606.ENSP00000426909,9606.ENSP00000428184,9606.ENSP00000463559,9606.ENSP00000463939,9606.ENSP00000479202,9606.ENSP00000481038,9606.ENSP00000486361,9606.ENSP00000494051,9606.ENSP00000495273,9606.ENSP00000499797	PSMA2,LRP1,GRSF1,CCT7,PCNP,TIMM44,CCT6A,EIF5B,ARF6,PPIB,PSMC5,UBE2N,RUVBL1,EML4,TALDO1,MYO1D,LAMP1,ENSA,DPYSL3,PPA2,ALDH9A1,UBE2D3,HDGF,S100A10,ATP5PB,PGAM1,SH3BGRL,RBBP4,RAB14,ESD,GLRX,FSCN1,XRCC5,ERGIC1,MATR3,CARHSP1,ILK,PYCR1,TARS1,SCRN1,EWSR1,EIF1,RACK1,SDCBP,MYL12B,ARHGDIA,ARL8B,CYFIP1,DBI,SEPTIN3,RPS7,CALM2
TISSUES	BTO:0000421	Connective tissue	21	954	0.73	2.92e-08	9606.ENSP00000223321,9606.ENSP00000252603,9606.ENSP00000258091,9606.ENSP00000275603,9606.ENSP00000285093,9606.ENSP00000295550,9606.ENSP00000316176,9606.ENSP00000318297,9606.ENSP00000320295,9606.ENSP00000325527,9606.ENSP00000343690,9606.ENSP00000343885,9606.ENSP00000349722,9606.ENSP00000359991,9606.ENSP00000367992,9606.ENSP00000371798,9606.ENSP00000372155,9606.ENSP00000375978,9606.ENSP00000426909,9606.ENSP00000463939,9606.ENSP00000499797	PSMA2,PGLS,CCT7,CCT6A,ACAA2,COL6A3,UBE2N,RUVBL1,TUBB3,FBN1,DPYSL3,PPA2,UBE2D3,PGAM1,ESD,FSCN1,PSME1,XRCC5,RACK1,ARHGDIA,CALM2
TISSUES	BTO:0000058	Alimentary canal	29	2021	0.55	8.79e-08	9606.ENSP00000217131,9606.ENSP00000223321,9606.ENSP00000252603,9606.ENSP00000254799,9606.ENSP00000258091,9606.ENSP00000265260,9606.ENSP00000275603,9606.ENSP00000295550,9606.ENSP00000300026,9606.ENSP00000311469,9606.ENSP00000316176,9606.ENSP00000318297,9606.ENSP00000320295,9606.ENSP00000333298,9606.ENSP00000343690,9606.ENSP00000349722,9606.ENSP00000359991,9606.ENSP00000367992,9606.ENSP00000371798,9606.ENSP00000375978,9606.ENSP00000379975,9606.ENSP00000384949,9606.ENSP00000400142,9606.ENSP00000419449,9606.ENSP00000426909,9606.ENSP00000428184,9606.ENSP00000463939,9606.ENSP00000495273,9606.ENSP00000499797	CTSZ,PSMA2,PGLS,GRSF1,CCT7,PCNP,CCT6A,COL6A3,PPIB,GSTM1,UBE2N,RUVBL1,TUBB3,LAMP1,DPYSL3,UBE2D3,PGAM1,ESD,FSCN1,XRCC5,ILK,PYCR1,EWSR1,EIF1,RACK1,SDCBP,ARHGDIA,RPS7,CALM2
TISSUES	BTO:0000282	Head	54	6642	0.3	1.07e-07	9606.ENSP00000223321,9606.ENSP00000243077,9606.ENSP00000254799,9606.ENSP00000258091,9606.ENSP00000265260,9606.ENSP00000270538,9606.ENSP00000275603,9606.ENSP00000289371,9606.ENSP00000298316,9606.ENSP00000300026,9606.ENSP00000310572,9606.ENSP00000316176,9606.ENSP00000318297,9606.ENSP00000320663,9606.ENSP00000321259,9606.ENSP00000324527,9606.ENSP00000333298,9606.ENSP00000341743,9606.ENSP00000343690,9606.ENSP00000343885,9606.ENSP00000346827,9606.ENSP00000349722,9606.ENSP00000357189,9606.ENSP00000357801,9606.ENSP00000358737,9606.ENSP00000359991,9606.ENSP00000362308,9606.ENSP00000362592,9606.ENSP00000362946,9606.ENSP00000367992,9606.ENSP00000369314,9606.ENSP00000371798,9606.ENSP00000375978,9606.ENSP00000377374,9606.ENSP00000378284,9606.ENSP00000379042,9606.ENSP00000379838,9606.ENSP00000379975,9606.ENSP00000384949,9606.ENSP00000387710,9606.ENSP00000388942,9606.ENSP00000392767,9606.ENSP00000400142,9606.ENSP00000419449,9606.ENSP00000426909,9606.ENSP00000428184,9606.ENSP00000463559,9606.ENSP00000463939,9606.ENSP00000479202,9606.ENSP00000481038,9606.ENSP00000486361,9606.ENSP00000494051,9606.ENSP00000495273,9606.ENSP00000499797	PSMA2,LRP1,GRSF1,CCT7,PCNP,TIMM44,CCT6A,EIF5B,ARF6,PPIB,PSMC5,UBE2N,RUVBL1,EML4,TALDO1,MYO1D,LAMP1,ENSA,DPYSL3,PPA2,ALDH9A1,UBE2D3,HDGF,S100A10,ATP5PB,PGAM1,SH3BGRL,RBBP4,RAB14,ESD,GLRX,FSCN1,XRCC5,ERGIC1,MATR3,ERO1A,CARHSP1,ILK,PYCR1,TARS1,SCRN1,S100A13,EWSR1,EIF1,RACK1,SDCBP,MYL12B,ARHGDIA,ARL8B,CYFIP1,DBI,SEPTIN3,RPS7,CALM2
TISSUES	BTO:0000089	Blood	27	1824	0.56	1.99e-07	9606.ENSP00000216330,9606.ENSP00000217131,9606.ENSP00000243077,9606.ENSP00000258091,9606.ENSP00000275603,9606.ENSP00000289371,9606.ENSP00000298316,9606.ENSP00000304229,9606.ENSP00000314067,9606.ENSP00000318297,9606.ENSP00000343885,9606.ENSP00000346634,9606.ENSP00000357189,9606.ENSP00000359991,9606.ENSP00000362946,9606.ENSP00000367615,9606.ENSP00000369314,9606.ENSP00000372155,9606.ENSP00000378284,9606.ENSP00000379838,9606.ENSP00000389297,9606.ENSP00000426909,9606.ENSP00000428184,9606.ENSP00000463939,9606.ENSP00000486361,9606.ENSP00000495273,9606.ENSP00000499797	FKBP3,CTSZ,LRP1,CCT7,CCT6A,EIF5B,ARF6,HINT1,PAK2,RUVBL1,PPA2,THRAP3,HDGF,PGAM1,RAB14,APRT,GLRX,PSME1,MATR3,CARHSP1,CHCHD3,RACK1,SDCBP,ARHGDIA,DBI,RPS7,CALM2
TISSUES	BTO:0000511	Gastrointestinal tract	26	1816	0.55	8.48e-07	9606.ENSP00000217131,9606.ENSP00000223321,9606.ENSP00000252603,9606.ENSP00000254799,9606.ENSP00000258091,9606.ENSP00000265260,9606.ENSP00000275603,9606.ENSP00000295550,9606.ENSP00000300026,9606.ENSP00000311469,9606.ENSP00000316176,9606.ENSP00000318297,9606.ENSP00000320295,9606.ENSP00000333298,9606.ENSP00000343690,9606.ENSP00000359991,9606.ENSP00000367992,9606.ENSP00000371798,9606.ENSP00000379975,9606.ENSP00000384949,9606.ENSP00000419449,9606.ENSP00000426909,9606.ENSP00000428184,9606.ENSP00000463939,9606.ENSP00000495273,9606.ENSP00000499797	CTSZ,PSMA2,PGLS,GRSF1,CCT7,PCNP,CCT6A,COL6A3,PPIB,GSTM1,UBE2N,RUVBL1,TUBB3,LAMP1,DPYSL3,PGAM1,ESD,FSCN1,ILK,PYCR1,EIF1,RACK1,SDCBP,ARHGDIA,RPS7,CALM2
TISSUES	BTO:0000203	Respiratory system	25	1707	0.56	1.11e-06	9606.ENSP00000223321,9606.ENSP00000258091,9606.ENSP00000285093,9606.ENSP00000298316,9606.ENSP00000316176,9606.ENSP00000318297,9606.ENSP00000321259,9606.ENSP00000341743,9606.ENSP00000343690,9606.ENSP00000343885,9606.ENSP00000349722,9606.ENSP00000359991,9606.ENSP00000371798,9606.ENSP00000372155,9606.ENSP00000375978,9606.ENSP00000379042,9606.ENSP00000387710,9606.ENSP00000419449,9606.ENSP00000421592,9606.ENSP00000426909,9606.ENSP00000428184,9606.ENSP00000463939,9606.ENSP00000495273,9606.ENSP00000499129,9606.ENSP00000499797	PSMA2,CCT7,ACAA2,ARF6,UBE2N,RUVBL1,TALDO1,ENSA,DPYSL3,PPA2,UBE2D3,PGAM1,FSCN1,PSME1,XRCC5,ERO1A,TARS1,EIF1,ALYREF,RACK1,SDCBP,ARHGDIA,RPS7,PDIA4,CALM2
TISSUES	BTO:0000570	Hematopoietic system	32	2755	0.46	1.15e-06	9606.ENSP00000216330,9606.ENSP00000217131,9606.ENSP00000243077,9606.ENSP00000258091,9606.ENSP00000268668,9606.ENSP00000275603,9606.ENSP00000289371,9606.ENSP00000298316,9606.ENSP00000304229,9606.ENSP00000305653,9606.ENSP00000314067,9606.ENSP00000318297,9606.ENSP00000343885,9606.ENSP00000346634,9606.ENSP00000346827,9606.ENSP00000357189,9606.ENSP00000359991,9606.ENSP00000362946,9606.ENSP00000367615,9606.ENSP00000369314,9606.ENSP00000372155,9606.ENSP00000378284,9606.ENSP00000379838,9606.ENSP00000384949,9606.ENSP00000389297,9606.ENSP00000400142,9606.ENSP00000426909,9606.ENSP00000428184,9606.ENSP00000463939,9606.ENSP00000486361,9606.ENSP00000495273,9606.ENSP00000499797	FKBP3,CTSZ,LRP1,CCT7,NDUFB10,CCT6A,EIF5B,ARF6,HINT1,LETM1,PAK2,RUVBL1,PPA2,THRAP3,ALDH9A1,HDGF,PGAM1,RAB14,APRT,GLRX,PSME1,MATR3,CARHSP1,PYCR1,CHCHD3,EWSR1,RACK1,SDCBP,ARHGDIA,DBI,RPS7,CALM2
TISSUES	BTO:0000042	Animal	79	15148	0.11	2.06e-06	9606.ENSP00000004982,9606.ENSP00000216330,9606.ENSP00000217131,9606.ENSP00000223321,9606.ENSP00000243077,9606.ENSP00000252603,9606.ENSP00000254799,9606.ENSP00000258091,9606.ENSP00000265260,9606.ENSP00000268668,9606.ENSP00000270538,9606.ENSP00000275603,9606.ENSP00000285093,9606.ENSP00000289371,9606.ENSP00000295550,9606.ENSP00000298316,9606.ENSP00000300026,9606.ENSP00000303511,9606.ENSP00000304229,9606.ENSP00000305653,9606.ENSP00000307292,9606.ENSP00000310572,9606.ENSP00000311469,9606.ENSP00000314067,9606.ENSP00000316176,9606.ENSP00000317955,9606.ENSP00000318297,9606.ENSP00000320295,9606.ENSP00000320663,9606.ENSP00000321259,9606.ENSP00000324527,9606.ENSP00000325527,9606.ENSP00000333298,9606.ENSP00000341743,9606.ENSP00000343690,9606.ENSP00000343885,9606.ENSP00000343966,9606.ENSP00000346634,9606.ENSP00000346827,9606.ENSP00000349722,9606.ENSP00000357189,9606.ENSP00000357801,9606.ENSP00000358737,9606.ENSP00000359991,9606.ENSP00000362308,9606.ENSP00000362592,9606.ENSP00000362946,9606.ENSP00000367615,9606.ENSP00000367992,9606.ENSP00000369314,9606.ENSP00000371798,9606.ENSP00000372155,9606.ENSP00000375978,9606.ENSP00000377374,9606.ENSP00000378284,9606.ENSP00000379042,9606.ENSP00000379838,9606.ENSP00000379975,9606.ENSP00000380336,9606.ENSP00000384949,9606.ENSP00000387710,9606.ENSP00000388942,9606.ENSP00000389297,9606.ENSP00000392767,9606.ENSP00000400142,9606.ENSP00000419449,9606.ENSP00000421592,9606.ENSP00000426909,9606.ENSP00000428184,9606.ENSP00000430598,9606.ENSP00000463559,9606.ENSP00000463939,9606.ENSP00000479202,9606.ENSP00000481038,9606.ENSP00000486361,9606.ENSP00000494051,9606.ENSP00000495273,9606.ENSP00000499129,9606.ENSP00000499797	HSPB6,FKBP3,CTSZ,PSMA2,LRP1,PGLS,GRSF1,CCT7,PCNP,NDUFB10,TIMM44,CCT6A,ACAA2,EIF5B,COL6A3,ARF6,PPIB,PEX6,HINT1,LETM1,CAVIN3,PSMC5,GSTM1,PAK2,UBE2N,EEA1,RUVBL1,TUBB3,EML4,TALDO1,MYO1D,FBN1,LAMP1,ENSA,DPYSL3,PPA2,PSPC1,THRAP3,ALDH9A1,UBE2D3,HDGF,S100A10,ATP5PB,PGAM1,SH3BGRL,RBBP4,RAB14,APRT,ESD,GLRX,FSCN1,PSME1,XRCC5,ERGIC1,MATR3,ERO1A,CARHSP1,ILK,SMU1,PYCR1,TARS1,SCRN1,CHCHD3,S100A13,EWSR1,EIF1,ALYREF,RACK1,SDCBP,ATOX1,MYL12B,ARHGDIA,ARL8B,CYFIP1,DBI,SEPTIN3,RPS7,PDIA4,CALM2
TISSUES	BTO:0000174	Embryonic structure	29	2369	0.48	2.30e-06	9606.ENSP00000223321,9606.ENSP00000243077,9606.ENSP00000258091,9606.ENSP00000295550,9606.ENSP00000310572,9606.ENSP00000314067,9606.ENSP00000316176,9606.ENSP00000318297,9606.ENSP00000325527,9606.ENSP00000333298,9606.ENSP00000341743,9606.ENSP00000343966,9606.ENSP00000346634,9606.ENSP00000349722,9606.ENSP00000359991,9606.ENSP00000362946,9606.ENSP00000372155,9606.ENSP00000379838,9606.ENSP00000379975,9606.ENSP00000380336,9606.ENSP00000384949,9606.ENSP00000400142,9606.ENSP00000426909,9606.ENSP00000463559,9606.ENSP00000463939,9606.ENSP00000479202,9606.ENSP00000481038,9606.ENSP00000495273,9606.ENSP00000499797	PSMA2,LRP1,CCT7,COL6A3,PSMC5,PAK2,UBE2N,RUVBL1,FBN1,LAMP1,ENSA,PSPC1,THRAP3,UBE2D3,PGAM1,RAB14,PSME1,CARHSP1,ILK,SMU1,PYCR1,EWSR1,RACK1,MYL12B,ARHGDIA,ARL8B,CYFIP1,RPS7,CALM2
TISSUES	BTO:0001253	Skin	20	1151	0.63	2.61e-06	9606.ENSP00000243077,9606.ENSP00000258091,9606.ENSP00000275603,9606.ENSP00000298316,9606.ENSP00000300026,9606.ENSP00000307292,9606.ENSP00000357801,9606.ENSP00000359991,9606.ENSP00000362592,9606.ENSP00000369314,9606.ENSP00000372155,9606.ENSP00000375978,9606.ENSP00000389297,9606.ENSP00000392767,9606.ENSP00000400142,9606.ENSP00000419449,9606.ENSP00000426909,9606.ENSP00000463559,9606.ENSP00000463939,9606.ENSP00000499797	LRP1,CCT7,CCT6A,ARF6,PPIB,CAVIN3,S100A10,PGAM1,RBBP4,GLRX,PSME1,XRCC5,CHCHD3,S100A13,EWSR1,EIF1,RACK1,MYL12B,ARHGDIA,CALM2
TISSUES	BTO:0000580	Blood cancer cell	20	1234	0.6	7.75e-06	9606.ENSP00000289371,9606.ENSP00000317955,9606.ENSP00000320663,9606.ENSP00000321259,9606.ENSP00000343885,9606.ENSP00000346634,9606.ENSP00000359991,9606.ENSP00000362592,9606.ENSP00000362946,9606.ENSP00000367615,9606.ENSP00000375978,9606.ENSP00000384949,9606.ENSP00000419449,9606.ENSP00000421592,9606.ENSP00000426909,9606.ENSP00000428184,9606.ENSP00000479202,9606.ENSP00000481038,9606.ENSP00000495273,9606.ENSP00000499797	EIF5B,EEA1,EML4,TALDO1,PPA2,THRAP3,PGAM1,RBBP4,RAB14,APRT,XRCC5,PYCR1,EIF1,ALYREF,RACK1,SDCBP,ARL8B,CYFIP1,RPS7,CALM2
TISSUES	BTO:0000634	Integument	26	2112	0.48	1.23e-05	9606.ENSP00000217131,9606.ENSP00000243077,9606.ENSP00000254799,9606.ENSP00000258091,9606.ENSP00000275603,9606.ENSP00000298316,9606.ENSP00000300026,9606.ENSP00000304229,9606.ENSP00000307292,9606.ENSP00000357801,9606.ENSP00000359991,9606.ENSP00000362592,9606.ENSP00000367615,9606.ENSP00000369314,9606.ENSP00000372155,9606.ENSP00000375978,9606.ENSP00000379838,9606.ENSP00000379975,9606.ENSP00000389297,9606.ENSP00000392767,9606.ENSP00000400142,9606.ENSP00000419449,9606.ENSP00000426909,9606.ENSP00000463559,9606.ENSP00000463939,9606.ENSP00000499797	CTSZ,LRP1,GRSF1,CCT7,CCT6A,ARF6,PPIB,HINT1,CAVIN3,S100A10,PGAM1,RBBP4,APRT,GLRX,PSME1,XRCC5,CARHSP1,ILK,CHCHD3,S100A13,EWSR1,EIF1,RACK1,MYL12B,ARHGDIA,CALM2
TISSUES	BTO:0000449	Fetus	20	1318	0.57	1.99e-05	9606.ENSP00000243077,9606.ENSP00000295550,9606.ENSP00000318297,9606.ENSP00000325527,9606.ENSP00000333298,9606.ENSP00000341743,9606.ENSP00000343966,9606.ENSP00000349722,9606.ENSP00000359991,9606.ENSP00000362946,9606.ENSP00000379838,9606.ENSP00000379975,9606.ENSP00000384949,9606.ENSP00000400142,9606.ENSP00000426909,9606.ENSP00000463559,9606.ENSP00000479202,9606.ENSP00000481038,9606.ENSP00000495273,9606.ENSP00000499797	LRP1,COL6A3,RUVBL1,FBN1,LAMP1,ENSA,PSPC1,UBE2D3,PGAM1,RAB14,CARHSP1,ILK,PYCR1,EWSR1,RACK1,MYL12B,ARL8B,CYFIP1,RPS7,CALM2
TISSUES	BTO:0000763	Lung	20	1395	0.55	4.70e-05	9606.ENSP00000223321,9606.ENSP00000258091,9606.ENSP00000285093,9606.ENSP00000316176,9606.ENSP00000318297,9606.ENSP00000321259,9606.ENSP00000341743,9606.ENSP00000343690,9606.ENSP00000343885,9606.ENSP00000359991,9606.ENSP00000371798,9606.ENSP00000372155,9606.ENSP00000387710,9606.ENSP00000419449,9606.ENSP00000421592,9606.ENSP00000426909,9606.ENSP00000463939,9606.ENSP00000495273,9606.ENSP00000499129,9606.ENSP00000499797	PSMA2,CCT7,ACAA2,UBE2N,RUVBL1,TALDO1,ENSA,DPYSL3,PPA2,PGAM1,FSCN1,PSME1,TARS1,EIF1,ALYREF,RACK1,ARHGDIA,RPS7,PDIA4,CALM2
TISSUES	BTO:0000080	Male reproductive gland	28	2658	0.41	7.63e-05	9606.ENSP00000217131,9606.ENSP00000254799,9606.ENSP00000258091,9606.ENSP00000265260,9606.ENSP00000275603,9606.ENSP00000289371,9606.ENSP00000300026,9606.ENSP00000304229,9606.ENSP00000311469,9606.ENSP00000324527,9606.ENSP00000333298,9606.ENSP00000341743,9606.ENSP00000346827,9606.ENSP00000349722,9606.ENSP00000358737,9606.ENSP00000359991,9606.ENSP00000362592,9606.ENSP00000371798,9606.ENSP00000375978,9606.ENSP00000377374,9606.ENSP00000379838,9606.ENSP00000387710,9606.ENSP00000400142,9606.ENSP00000419449,9606.ENSP00000426909,9606.ENSP00000479202,9606.ENSP00000495273,9606.ENSP00000499797	CTSZ,GRSF1,CCT7,PCNP,CCT6A,EIF5B,PPIB,HINT1,GSTM1,MYO1D,LAMP1,ENSA,ALDH9A1,UBE2D3,ATP5PB,PGAM1,RBBP4,FSCN1,XRCC5,ERGIC1,CARHSP1,TARS1,EWSR1,EIF1,RACK1,ARL8B,RPS7,CALM2
TISSUES	BTO:0000255	Brain cell line	8	188	1.02	9.33e-05	9606.ENSP00000300026,9606.ENSP00000316176,9606.ENSP00000317955,9606.ENSP00000318297,9606.ENSP00000320295,9606.ENSP00000359991,9606.ENSP00000371798,9606.ENSP00000463939	PPIB,UBE2N,EEA1,RUVBL1,TUBB3,PGAM1,FSCN1,ARHGDIA
TISSUES	BTO:0001078	Placenta	18	1244	0.55	0.00016	9606.ENSP00000243077,9606.ENSP00000295550,9606.ENSP00000325527,9606.ENSP00000333298,9606.ENSP00000341743,9606.ENSP00000349722,9606.ENSP00000359991,9606.ENSP00000362946,9606.ENSP00000379838,9606.ENSP00000379975,9606.ENSP00000384949,9606.ENSP00000400142,9606.ENSP00000426909,9606.ENSP00000463559,9606.ENSP00000479202,9606.ENSP00000481038,9606.ENSP00000495273,9606.ENSP00000499797	LRP1,COL6A3,FBN1,LAMP1,ENSA,UBE2D3,PGAM1,RAB14,CARHSP1,ILK,PYCR1,EWSR1,RACK1,MYL12B,ARL8B,CYFIP1,RPS7,CALM2
TISSUES	BTO:0001424	Uterus	17	1117	0.57	0.00016	9606.ENSP00000216330,9606.ENSP00000223321,9606.ENSP00000295550,9606.ENSP00000298316,9606.ENSP00000304229,9606.ENSP00000316176,9606.ENSP00000320663,9606.ENSP00000359991,9606.ENSP00000362592,9606.ENSP00000367615,9606.ENSP00000375978,9606.ENSP00000379975,9606.ENSP00000387710,9606.ENSP00000389297,9606.ENSP00000426909,9606.ENSP00000430598,9606.ENSP00000463939	FKBP3,PSMA2,COL6A3,ARF6,HINT1,UBE2N,EML4,PGAM1,RBBP4,APRT,XRCC5,ILK,TARS1,CHCHD3,RACK1,ATOX1,ARHGDIA
TISSUES	BTO:0000751	Leukocyte	15	924	0.6	0.00030	9606.ENSP00000216330,9606.ENSP00000258091,9606.ENSP00000289371,9606.ENSP00000298316,9606.ENSP00000318297,9606.ENSP00000346634,9606.ENSP00000357189,9606.ENSP00000378284,9606.ENSP00000379838,9606.ENSP00000389297,9606.ENSP00000426909,9606.ENSP00000428184,9606.ENSP00000463939,9606.ENSP00000495273,9606.ENSP00000499797	FKBP3,CCT7,EIF5B,ARF6,RUVBL1,THRAP3,HDGF,MATR3,CARHSP1,CHCHD3,RACK1,SDCBP,ARHGDIA,RPS7,CALM2
TISSUES	BTO:0000775	Lymphocyte	13	698	0.66	0.00033	9606.ENSP00000216330,9606.ENSP00000258091,9606.ENSP00000289371,9606.ENSP00000346634,9606.ENSP00000357189,9606.ENSP00000378284,9606.ENSP00000379838,9606.ENSP00000389297,9606.ENSP00000426909,9606.ENSP00000428184,9606.ENSP00000463939,9606.ENSP00000495273,9606.ENSP00000499797	FKBP3,CCT7,EIF5B,THRAP3,HDGF,MATR3,CARHSP1,CHCHD3,RACK1,SDCBP,ARHGDIA,RPS7,CALM2
TISSUES	BTO:0000131	Blood plasma	10	424	0.76	0.00059	9606.ENSP00000275603,9606.ENSP00000289371,9606.ENSP00000304229,9606.ENSP00000314067,9606.ENSP00000343885,9606.ENSP00000357189,9606.ENSP00000362946,9606.ENSP00000367615,9606.ENSP00000379838,9606.ENSP00000486361	CCT6A,EIF5B,HINT1,PAK2,PPA2,HDGF,RAB14,APRT,CARHSP1,DBI
TISSUES	BTO:0003096	Internal male genital organ	24	2388	0.39	0.0010	9606.ENSP00000217131,9606.ENSP00000254799,9606.ENSP00000258091,9606.ENSP00000265260,9606.ENSP00000289371,9606.ENSP00000300026,9606.ENSP00000304229,9606.ENSP00000311469,9606.ENSP00000324527,9606.ENSP00000333298,9606.ENSP00000346827,9606.ENSP00000349722,9606.ENSP00000359991,9606.ENSP00000362592,9606.ENSP00000371798,9606.ENSP00000375978,9606.ENSP00000377374,9606.ENSP00000379838,9606.ENSP00000387710,9606.ENSP00000400142,9606.ENSP00000426909,9606.ENSP00000479202,9606.ENSP00000495273,9606.ENSP00000499797	CTSZ,GRSF1,CCT7,PCNP,EIF5B,PPIB,HINT1,GSTM1,MYO1D,LAMP1,ALDH9A1,UBE2D3,PGAM1,RBBP4,FSCN1,XRCC5,ERGIC1,CARHSP1,TARS1,EWSR1,RACK1,ARL8B,RPS7,CALM2
TISSUES	BTO:0001271	Leukemia cell	15	1067	0.54	0.0014	9606.ENSP00000289371,9606.ENSP00000317955,9606.ENSP00000320663,9606.ENSP00000321259,9606.ENSP00000343885,9606.ENSP00000346634,9606.ENSP00000359991,9606.ENSP00000362592,9606.ENSP00000367615,9606.ENSP00000375978,9606.ENSP00000419449,9606.ENSP00000426909,9606.ENSP00000428184,9606.ENSP00000495273,9606.ENSP00000499797	EIF5B,EEA1,EML4,TALDO1,PPA2,THRAP3,PGAM1,RBBP4,APRT,XRCC5,EIF1,RACK1,SDCBP,RPS7,CALM2
TISSUES	BTO:0001690	B-cell lymphoma cell	6	139	1.03	0.0015	9606.ENSP00000362592,9606.ENSP00000362946,9606.ENSP00000421592,9606.ENSP00000426909,9606.ENSP00000479202,9606.ENSP00000481038	RBBP4,RAB14,ALYREF,RACK1,ARL8B,CYFIP1
TISSUES	BTO:0000753	Lymphoid tissue	18	1600	0.44	0.0034	9606.ENSP00000216330,9606.ENSP00000258091,9606.ENSP00000289371,9606.ENSP00000305653,9606.ENSP00000346634,9606.ENSP00000346827,9606.ENSP00000357189,9606.ENSP00000369314,9606.ENSP00000372155,9606.ENSP00000378284,9606.ENSP00000379838,9606.ENSP00000389297,9606.ENSP00000400142,9606.ENSP00000426909,9606.ENSP00000428184,9606.ENSP00000463939,9606.ENSP00000495273,9606.ENSP00000499797	FKBP3,CCT7,EIF5B,LETM1,THRAP3,ALDH9A1,HDGF,GLRX,PSME1,MATR3,CARHSP1,CHCHD3,EWSR1,RACK1,SDCBP,ARHGDIA,RPS7,CALM2
TISSUES	BTO:0000772	Lymphoblast	7	240	0.86	0.0034	9606.ENSP00000216330,9606.ENSP00000258091,9606.ENSP00000379838,9606.ENSP00000389297,9606.ENSP00000426909,9606.ENSP00000495273,9606.ENSP00000499797	FKBP3,CCT7,CARHSP1,CHCHD3,RACK1,RPS7,CALM2
TISSUES	BTO:0000254	Female reproductive gland	26	3017	0.33	0.0052	9606.ENSP00000217131,9606.ENSP00000254799,9606.ENSP00000258091,9606.ENSP00000265260,9606.ENSP00000268668,9606.ENSP00000289371,9606.ENSP00000311469,9606.ENSP00000321259,9606.ENSP00000324527,9606.ENSP00000333298,9606.ENSP00000341743,9606.ENSP00000343885,9606.ENSP00000346827,9606.ENSP00000349722,9606.ENSP00000359991,9606.ENSP00000362592,9606.ENSP00000371798,9606.ENSP00000375978,9606.ENSP00000377374,9606.ENSP00000387710,9606.ENSP00000400142,9606.ENSP00000419449,9606.ENSP00000426909,9606.ENSP00000479202,9606.ENSP00000495273,9606.ENSP00000499797	CTSZ,GRSF1,CCT7,PCNP,NDUFB10,EIF5B,GSTM1,TALDO1,MYO1D,LAMP1,ENSA,PPA2,ALDH9A1,UBE2D3,PGAM1,RBBP4,FSCN1,XRCC5,ERGIC1,TARS1,EWSR1,EIF1,RACK1,ARL8B,RPS7,CALM2
TISSUES	BTO:0001023	Ovary cancer cell	4	84	1.07	0.0217	9606.ENSP00000320663,9606.ENSP00000371798,9606.ENSP00000400142,9606.ENSP00000421592	EML4,FSCN1,EWSR1,ALYREF
TISSUES	BTO:0000132	Blood platelet	7	363	0.68	0.0355	9606.ENSP00000275603,9606.ENSP00000289371,9606.ENSP00000314067,9606.ENSP00000343885,9606.ENSP00000357189,9606.ENSP00000362946,9606.ENSP00000367615	CCT6A,EIF5B,PAK2,PPA2,HDGF,RAB14,APRT
TISSUES	BTO:0001486	Skeletal system	14	1307	0.42	0.0361	9606.ENSP00000004982,9606.ENSP00000216330,9606.ENSP00000243077,9606.ENSP00000270538,9606.ENSP00000295550,9606.ENSP00000310572,9606.ENSP00000318297,9606.ENSP00000333298,9606.ENSP00000343885,9606.ENSP00000349722,9606.ENSP00000362308,9606.ENSP00000362592,9606.ENSP00000375978,9606.ENSP00000426909	HSPB6,FKBP3,LRP1,TIMM44,COL6A3,PSMC5,RUVBL1,LAMP1,PPA2,UBE2D3,SH3BGRL,RBBP4,XRCC5,RACK1
TISSUES	BTO:0000855	Lymph	5	177	0.84	0.0393	9606.ENSP00000359991,9606.ENSP00000384949,9606.ENSP00000400142,9606.ENSP00000426909,9606.ENSP00000499797	PGAM1,PYCR1,EWSR1,RACK1,CALM2
TISSUES	BTO:0000176	Carcinoma cell	9	616	0.56	0.0419	9606.ENSP00000258091,9606.ENSP00000310572,9606.ENSP00000318297,9606.ENSP00000320295,9606.ENSP00000343885,9606.ENSP00000357189,9606.ENSP00000359991,9606.ENSP00000378284,9606.ENSP00000463559	CCT7,PSMC5,RUVBL1,TUBB3,PPA2,HDGF,PGAM1,MATR3,MYL12B
TISSUES	BTO:0000782	T-lymphocyte	6	279	0.72	0.0452	9606.ENSP00000289371,9606.ENSP00000346634,9606.ENSP00000357189,9606.ENSP00000378284,9606.ENSP00000426909,9606.ENSP00000463939	EIF5B,THRAP3,HDGF,MATR3,RACK1,ARHGDIA
TISSUES	BTO:0000988	Pancreas	9	626	0.55	0.0452	9606.ENSP00000217131,9606.ENSP00000258091,9606.ENSP00000318297,9606.ENSP00000333298,9606.ENSP00000359991,9606.ENSP00000419449,9606.ENSP00000426909,9606.ENSP00000495273,9606.ENSP00000499797	CTSZ,CCT7,RUVBL1,LAMP1,PGAM1,EIF1,RACK1,RPS7,CALM2
COMPARTMENTS	GOCC:0005622	Intracellular	79	11512	0.23	3.23e-14	9606.ENSP00000004982,9606.ENSP00000216330,9606.ENSP00000217131,9606.ENSP00000223321,9606.ENSP00000243077,9606.ENSP00000252603,9606.ENSP00000254799,9606.ENSP00000258091,9606.ENSP00000265260,9606.ENSP00000268668,9606.ENSP00000270538,9606.ENSP00000275603,9606.ENSP00000285093,9606.ENSP00000289371,9606.ENSP00000295550,9606.ENSP00000298316,9606.ENSP00000300026,9606.ENSP00000303511,9606.ENSP00000304229,9606.ENSP00000305653,9606.ENSP00000307292,9606.ENSP00000310572,9606.ENSP00000311469,9606.ENSP00000314067,9606.ENSP00000316176,9606.ENSP00000317955,9606.ENSP00000318297,9606.ENSP00000320295,9606.ENSP00000320663,9606.ENSP00000321259,9606.ENSP00000324527,9606.ENSP00000325527,9606.ENSP00000333298,9606.ENSP00000341743,9606.ENSP00000343690,9606.ENSP00000343885,9606.ENSP00000343966,9606.ENSP00000346634,9606.ENSP00000346827,9606.ENSP00000355486,9606.ENSP00000357189,9606.ENSP00000357801,9606.ENSP00000358737,9606.ENSP00000359991,9606.ENSP00000362308,9606.ENSP00000362592,9606.ENSP00000362946,9606.ENSP00000367615,9606.ENSP00000367992,9606.ENSP00000369314,9606.ENSP00000371798,9606.ENSP00000372155,9606.ENSP00000375978,9606.ENSP00000377374,9606.ENSP00000378284,9606.ENSP00000379042,9606.ENSP00000379838,9606.ENSP00000379975,9606.ENSP00000380336,9606.ENSP00000384949,9606.ENSP00000387710,9606.ENSP00000388942,9606.ENSP00000389297,9606.ENSP00000392767,9606.ENSP00000400142,9606.ENSP00000419449,9606.ENSP00000421592,9606.ENSP00000426909,9606.ENSP00000428184,9606.ENSP00000430598,9606.ENSP00000463559,9606.ENSP00000463939,9606.ENSP00000479202,9606.ENSP00000481038,9606.ENSP00000486361,9606.ENSP00000494051,9606.ENSP00000495273,9606.ENSP00000499129,9606.ENSP00000499797	HSPB6,FKBP3,CTSZ,PSMA2,LRP1,PGLS,GRSF1,CCT7,PCNP,NDUFB10,TIMM44,CCT6A,ACAA2,EIF5B,COL6A3,ARF6,PPIB,PEX6,HINT1,LETM1,CAVIN3,PSMC5,GSTM1,PAK2,UBE2N,EEA1,RUVBL1,TUBB3,EML4,TALDO1,MYO1D,FBN1,LAMP1,ENSA,DPYSL3,PPA2,PSPC1,THRAP3,ALDH9A1,COX20,HDGF,S100A10,ATP5PB,PGAM1,SH3BGRL,RBBP4,RAB14,APRT,ESD,GLRX,FSCN1,PSME1,XRCC5,ERGIC1,MATR3,ERO1A,CARHSP1,ILK,SMU1,PYCR1,TARS1,SCRN1,CHCHD3,S100A13,EWSR1,EIF1,ALYREF,RACK1,SDCBP,ATOX1,MYL12B,ARHGDIA,ARL8B,CYFIP1,DBI,SEPTIN3,RPS7,PDIA4,CALM2
COMPARTMENTS	GOCC:0043226	Organelle	74	10113	0.26	2.09e-12	9606.ENSP00000004982,9606.ENSP00000216330,9606.ENSP00000217131,9606.ENSP00000223321,9606.ENSP00000243077,9606.ENSP00000254799,9606.ENSP00000258091,9606.ENSP00000265260,9606.ENSP00000268668,9606.ENSP00000270538,9606.ENSP00000275603,9606.ENSP00000285093,9606.ENSP00000295550,9606.ENSP00000298316,9606.ENSP00000300026,9606.ENSP00000303511,9606.ENSP00000304229,9606.ENSP00000305653,9606.ENSP00000310572,9606.ENSP00000314067,9606.ENSP00000316176,9606.ENSP00000317955,9606.ENSP00000318297,9606.ENSP00000320295,9606.ENSP00000320663,9606.ENSP00000321259,9606.ENSP00000324527,9606.ENSP00000325527,9606.ENSP00000333298,9606.ENSP00000341743,9606.ENSP00000343690,9606.ENSP00000343885,9606.ENSP00000343966,9606.ENSP00000346634,9606.ENSP00000346827,9606.ENSP00000355486,9606.ENSP00000357189,9606.ENSP00000357801,9606.ENSP00000358737,9606.ENSP00000359991,9606.ENSP00000362308,9606.ENSP00000362592,9606.ENSP00000362946,9606.ENSP00000367615,9606.ENSP00000367992,9606.ENSP00000369314,9606.ENSP00000371798,9606.ENSP00000372155,9606.ENSP00000375978,9606.ENSP00000377374,9606.ENSP00000378284,9606.ENSP00000379042,9606.ENSP00000379838,9606.ENSP00000379975,9606.ENSP00000380336,9606.ENSP00000384949,9606.ENSP00000387710,9606.ENSP00000388942,9606.ENSP00000389297,9606.ENSP00000392767,9606.ENSP00000400142,9606.ENSP00000419449,9606.ENSP00000421592,9606.ENSP00000426909,9606.ENSP00000428184,9606.ENSP00000463559,9606.ENSP00000463939,9606.ENSP00000479202,9606.ENSP00000481038,9606.ENSP00000486361,9606.ENSP00000494051,9606.ENSP00000495273,9606.ENSP00000499129,9606.ENSP00000499797	HSPB6,FKBP3,CTSZ,PSMA2,LRP1,GRSF1,CCT7,PCNP,NDUFB10,TIMM44,CCT6A,ACAA2,COL6A3,ARF6,PPIB,PEX6,HINT1,LETM1,PSMC5,PAK2,UBE2N,EEA1,RUVBL1,TUBB3,EML4,TALDO1,MYO1D,FBN1,LAMP1,ENSA,DPYSL3,PPA2,PSPC1,THRAP3,ALDH9A1,COX20,HDGF,S100A10,ATP5PB,PGAM1,SH3BGRL,RBBP4,RAB14,APRT,ESD,GLRX,FSCN1,PSME1,XRCC5,ERGIC1,MATR3,ERO1A,CARHSP1,ILK,SMU1,PYCR1,TARS1,SCRN1,CHCHD3,S100A13,EWSR1,EIF1,ALYREF,RACK1,SDCBP,MYL12B,ARHGDIA,ARL8B,CYFIP1,DBI,SEPTIN3,RPS7,PDIA4,CALM2
COMPARTMENTS	GOCC:0005737	Cytoplasm	66	8195	0.3	5.92e-11	9606.ENSP00000004982,9606.ENSP00000217131,9606.ENSP00000223321,9606.ENSP00000243077,9606.ENSP00000252603,9606.ENSP00000254799,9606.ENSP00000258091,9606.ENSP00000268668,9606.ENSP00000270538,9606.ENSP00000275603,9606.ENSP00000285093,9606.ENSP00000289371,9606.ENSP00000295550,9606.ENSP00000298316,9606.ENSP00000300026,9606.ENSP00000303511,9606.ENSP00000304229,9606.ENSP00000305653,9606.ENSP00000310572,9606.ENSP00000311469,9606.ENSP00000314067,9606.ENSP00000316176,9606.ENSP00000317955,9606.ENSP00000318297,9606.ENSP00000320663,9606.ENSP00000321259,9606.ENSP00000324527,9606.ENSP00000325527,9606.ENSP00000333298,9606.ENSP00000343690,9606.ENSP00000343885,9606.ENSP00000346827,9606.ENSP00000355486,9606.ENSP00000357189,9606.ENSP00000357801,9606.ENSP00000358737,9606.ENSP00000359991,9606.ENSP00000362308,9606.ENSP00000362592,9606.ENSP00000362946,9606.ENSP00000367615,9606.ENSP00000367992,9606.ENSP00000369314,9606.ENSP00000371798,9606.ENSP00000372155,9606.ENSP00000377374,9606.ENSP00000379042,9606.ENSP00000379838,9606.ENSP00000379975,9606.ENSP00000384949,9606.ENSP00000387710,9606.ENSP00000389297,9606.ENSP00000392767,9606.ENSP00000419449,9606.ENSP00000421592,9606.ENSP00000426909,9606.ENSP00000428184,9606.ENSP00000463559,9606.ENSP00000463939,9606.ENSP00000479202,9606.ENSP00000481038,9606.ENSP00000486361,9606.ENSP00000494051,9606.ENSP00000495273,9606.ENSP00000499129,9606.ENSP00000499797	HSPB6,CTSZ,PSMA2,LRP1,PGLS,GRSF1,CCT7,NDUFB10,TIMM44,CCT6A,ACAA2,EIF5B,COL6A3,ARF6,PPIB,PEX6,HINT1,LETM1,PSMC5,GSTM1,PAK2,UBE2N,EEA1,RUVBL1,EML4,TALDO1,MYO1D,FBN1,LAMP1,DPYSL3,PPA2,ALDH9A1,COX20,HDGF,S100A10,ATP5PB,PGAM1,SH3BGRL,RBBP4,RAB14,APRT,ESD,GLRX,FSCN1,PSME1,ERGIC1,ERO1A,CARHSP1,ILK,PYCR1,TARS1,CHCHD3,S100A13,EIF1,ALYREF,RACK1,SDCBP,MYL12B,ARHGDIA,ARL8B,CYFIP1,DBI,SEPTIN3,RPS7,PDIA4,CALM2
COMPARTMENTS	GOCC:0043229	Intracellular organelle	69	9609	0.25	1.52e-09	9606.ENSP00000004982,9606.ENSP00000216330,9606.ENSP00000217131,9606.ENSP00000223321,9606.ENSP00000243077,9606.ENSP00000254799,9606.ENSP00000258091,9606.ENSP00000265260,9606.ENSP00000268668,9606.ENSP00000270538,9606.ENSP00000275603,9606.ENSP00000285093,9606.ENSP00000295550,9606.ENSP00000298316,9606.ENSP00000300026,9606.ENSP00000303511,9606.ENSP00000304229,9606.ENSP00000305653,9606.ENSP00000310572,9606.ENSP00000314067,9606.ENSP00000316176,9606.ENSP00000317955,9606.ENSP00000318297,9606.ENSP00000320295,9606.ENSP00000320663,9606.ENSP00000321259,9606.ENSP00000324527,9606.ENSP00000325527,9606.ENSP00000333298,9606.ENSP00000341743,9606.ENSP00000343690,9606.ENSP00000343885,9606.ENSP00000343966,9606.ENSP00000346634,9606.ENSP00000355486,9606.ENSP00000357189,9606.ENSP00000358737,9606.ENSP00000359991,9606.ENSP00000362308,9606.ENSP00000362592,9606.ENSP00000362946,9606.ENSP00000367615,9606.ENSP00000367992,9606.ENSP00000371798,9606.ENSP00000375978,9606.ENSP00000377374,9606.ENSP00000378284,9606.ENSP00000379042,9606.ENSP00000379838,9606.ENSP00000379975,9606.ENSP00000380336,9606.ENSP00000384949,9606.ENSP00000388942,9606.ENSP00000389297,9606.ENSP00000392767,9606.ENSP00000400142,9606.ENSP00000419449,9606.ENSP00000421592,9606.ENSP00000426909,9606.ENSP00000428184,9606.ENSP00000463559,9606.ENSP00000463939,9606.ENSP00000479202,9606.ENSP00000481038,9606.ENSP00000486361,9606.ENSP00000494051,9606.ENSP00000495273,9606.ENSP00000499129,9606.ENSP00000499797	HSPB6,FKBP3,CTSZ,PSMA2,LRP1,GRSF1,CCT7,PCNP,NDUFB10,TIMM44,CCT6A,ACAA2,COL6A3,ARF6,PPIB,PEX6,HINT1,LETM1,PSMC5,PAK2,UBE2N,EEA1,RUVBL1,TUBB3,EML4,TALDO1,MYO1D,FBN1,LAMP1,ENSA,DPYSL3,PPA2,PSPC1,THRAP3,COX20,HDGF,ATP5PB,PGAM1,SH3BGRL,RBBP4,RAB14,APRT,ESD,FSCN1,XRCC5,ERGIC1,MATR3,ERO1A,CARHSP1,ILK,SMU1,PYCR1,SCRN1,CHCHD3,S100A13,EWSR1,EIF1,ALYREF,RACK1,SDCBP,MYL12B,ARHGDIA,ARL8B,CYFIP1,DBI,SEPTIN3,RPS7,PDIA4,CALM2
COMPARTMENTS	GOCC:0110165	Cellular anatomical entity	79	14060	0.14	3.10e-08	9606.ENSP00000004982,9606.ENSP00000216330,9606.ENSP00000217131,9606.ENSP00000223321,9606.ENSP00000243077,9606.ENSP00000252603,9606.ENSP00000254799,9606.ENSP00000258091,9606.ENSP00000265260,9606.ENSP00000268668,9606.ENSP00000270538,9606.ENSP00000275603,9606.ENSP00000285093,9606.ENSP00000289371,9606.ENSP00000295550,9606.ENSP00000298316,9606.ENSP00000300026,9606.ENSP00000303511,9606.ENSP00000304229,9606.ENSP00000305653,9606.ENSP00000307292,9606.ENSP00000310572,9606.ENSP00000311469,9606.ENSP00000314067,9606.ENSP00000316176,9606.ENSP00000317955,9606.ENSP00000318297,9606.ENSP00000320295,9606.ENSP00000320663,9606.ENSP00000321259,9606.ENSP00000324527,9606.ENSP00000325527,9606.ENSP00000333298,9606.ENSP00000341743,9606.ENSP00000343690,9606.ENSP00000343885,9606.ENSP00000343966,9606.ENSP00000346634,9606.ENSP00000346827,9606.ENSP00000355486,9606.ENSP00000357189,9606.ENSP00000357801,9606.ENSP00000358737,9606.ENSP00000359991,9606.ENSP00000362308,9606.ENSP00000362592,9606.ENSP00000362946,9606.ENSP00000367615,9606.ENSP00000367992,9606.ENSP00000369314,9606.ENSP00000371798,9606.ENSP00000372155,9606.ENSP00000375978,9606.ENSP00000377374,9606.ENSP00000378284,9606.ENSP00000379042,9606.ENSP00000379838,9606.ENSP00000379975,9606.ENSP00000380336,9606.ENSP00000384949,9606.ENSP00000387710,9606.ENSP00000388942,9606.ENSP00000389297,9606.ENSP00000392767,9606.ENSP00000400142,9606.ENSP00000419449,9606.ENSP00000421592,9606.ENSP00000426909,9606.ENSP00000428184,9606.ENSP00000430598,9606.ENSP00000463559,9606.ENSP00000463939,9606.ENSP00000479202,9606.ENSP00000481038,9606.ENSP00000486361,9606.ENSP00000494051,9606.ENSP00000495273,9606.ENSP00000499129,9606.ENSP00000499797	HSPB6,FKBP3,CTSZ,PSMA2,LRP1,PGLS,GRSF1,CCT7,PCNP,NDUFB10,TIMM44,CCT6A,ACAA2,EIF5B,COL6A3,ARF6,PPIB,PEX6,HINT1,LETM1,CAVIN3,PSMC5,GSTM1,PAK2,UBE2N,EEA1,RUVBL1,TUBB3,EML4,TALDO1,MYO1D,FBN1,LAMP1,ENSA,DPYSL3,PPA2,PSPC1,THRAP3,ALDH9A1,COX20,HDGF,S100A10,ATP5PB,PGAM1,SH3BGRL,RBBP4,RAB14,APRT,ESD,GLRX,FSCN1,PSME1,XRCC5,ERGIC1,MATR3,ERO1A,CARHSP1,ILK,SMU1,PYCR1,TARS1,SCRN1,CHCHD3,S100A13,EWSR1,EIF1,ALYREF,RACK1,SDCBP,ATOX1,MYL12B,ARHGDIA,ARL8B,CYFIP1,DBI,SEPTIN3,RPS7,PDIA4,CALM2
COMPARTMENTS	GOCC:0005829	Cytosol	36	3054	0.46	1.71e-07	9606.ENSP00000004982,9606.ENSP00000223321,9606.ENSP00000252603,9606.ENSP00000258091,9606.ENSP00000275603,9606.ENSP00000289371,9606.ENSP00000298316,9606.ENSP00000303511,9606.ENSP00000304229,9606.ENSP00000310572,9606.ENSP00000311469,9606.ENSP00000314067,9606.ENSP00000316176,9606.ENSP00000317955,9606.ENSP00000318297,9606.ENSP00000320663,9606.ENSP00000321259,9606.ENSP00000343690,9606.ENSP00000346827,9606.ENSP00000359991,9606.ENSP00000362592,9606.ENSP00000362946,9606.ENSP00000367615,9606.ENSP00000367992,9606.ENSP00000369314,9606.ENSP00000371798,9606.ENSP00000372155,9606.ENSP00000379838,9606.ENSP00000379975,9606.ENSP00000387710,9606.ENSP00000392767,9606.ENSP00000426909,9606.ENSP00000428184,9606.ENSP00000463559,9606.ENSP00000463939,9606.ENSP00000495273	HSPB6,PSMA2,PGLS,CCT7,CCT6A,EIF5B,ARF6,PEX6,HINT1,PSMC5,GSTM1,PAK2,UBE2N,EEA1,RUVBL1,EML4,TALDO1,DPYSL3,ALDH9A1,PGAM1,RBBP4,RAB14,APRT,ESD,GLRX,FSCN1,PSME1,CARHSP1,ILK,TARS1,S100A13,RACK1,SDCBP,MYL12B,ARHGDIA,RPS7
COMPARTMENTS	GOCC:0043227	Membrane-bounded organelle	63	9083	0.23	8.28e-07	9606.ENSP00000004982,9606.ENSP00000216330,9606.ENSP00000217131,9606.ENSP00000223321,9606.ENSP00000243077,9606.ENSP00000254799,9606.ENSP00000265260,9606.ENSP00000268668,9606.ENSP00000270538,9606.ENSP00000285093,9606.ENSP00000295550,9606.ENSP00000298316,9606.ENSP00000300026,9606.ENSP00000303511,9606.ENSP00000304229,9606.ENSP00000305653,9606.ENSP00000310572,9606.ENSP00000314067,9606.ENSP00000316176,9606.ENSP00000317955,9606.ENSP00000318297,9606.ENSP00000321259,9606.ENSP00000324527,9606.ENSP00000325527,9606.ENSP00000333298,9606.ENSP00000341743,9606.ENSP00000343885,9606.ENSP00000343966,9606.ENSP00000346634,9606.ENSP00000346827,9606.ENSP00000355486,9606.ENSP00000357189,9606.ENSP00000357801,9606.ENSP00000358737,9606.ENSP00000359991,9606.ENSP00000362308,9606.ENSP00000362592,9606.ENSP00000362946,9606.ENSP00000367615,9606.ENSP00000367992,9606.ENSP00000369314,9606.ENSP00000371798,9606.ENSP00000372155,9606.ENSP00000375978,9606.ENSP00000377374,9606.ENSP00000378284,9606.ENSP00000379042,9606.ENSP00000379975,9606.ENSP00000380336,9606.ENSP00000384949,9606.ENSP00000388942,9606.ENSP00000389297,9606.ENSP00000392767,9606.ENSP00000400142,9606.ENSP00000419449,9606.ENSP00000421592,9606.ENSP00000426909,9606.ENSP00000428184,9606.ENSP00000479202,9606.ENSP00000481038,9606.ENSP00000486361,9606.ENSP00000495273,9606.ENSP00000499129	HSPB6,FKBP3,CTSZ,PSMA2,LRP1,GRSF1,PCNP,NDUFB10,TIMM44,ACAA2,COL6A3,ARF6,PPIB,PEX6,HINT1,LETM1,PSMC5,PAK2,UBE2N,EEA1,RUVBL1,TALDO1,MYO1D,FBN1,LAMP1,ENSA,PPA2,PSPC1,THRAP3,ALDH9A1,COX20,HDGF,S100A10,ATP5PB,PGAM1,SH3BGRL,RBBP4,RAB14,APRT,ESD,GLRX,FSCN1,PSME1,XRCC5,ERGIC1,MATR3,ERO1A,ILK,SMU1,PYCR1,SCRN1,CHCHD3,S100A13,EWSR1,EIF1,ALYREF,RACK1,SDCBP,ARL8B,CYFIP1,DBI,RPS7,PDIA4
COMPARTMENTS	GOCC:0043231	Intracellular membrane-bounded organelle	56	8162	0.23	6.89e-05	9606.ENSP00000004982,9606.ENSP00000216330,9606.ENSP00000217131,9606.ENSP00000223321,9606.ENSP00000243077,9606.ENSP00000254799,9606.ENSP00000265260,9606.ENSP00000268668,9606.ENSP00000270538,9606.ENSP00000285093,9606.ENSP00000295550,9606.ENSP00000298316,9606.ENSP00000300026,9606.ENSP00000303511,9606.ENSP00000304229,9606.ENSP00000305653,9606.ENSP00000310572,9606.ENSP00000314067,9606.ENSP00000316176,9606.ENSP00000317955,9606.ENSP00000318297,9606.ENSP00000321259,9606.ENSP00000324527,9606.ENSP00000325527,9606.ENSP00000333298,9606.ENSP00000341743,9606.ENSP00000343885,9606.ENSP00000343966,9606.ENSP00000346634,9606.ENSP00000355486,9606.ENSP00000357189,9606.ENSP00000358737,9606.ENSP00000362308,9606.ENSP00000362592,9606.ENSP00000362946,9606.ENSP00000367615,9606.ENSP00000367992,9606.ENSP00000375978,9606.ENSP00000377374,9606.ENSP00000378284,9606.ENSP00000379042,9606.ENSP00000379975,9606.ENSP00000380336,9606.ENSP00000384949,9606.ENSP00000388942,9606.ENSP00000389297,9606.ENSP00000392767,9606.ENSP00000400142,9606.ENSP00000419449,9606.ENSP00000421592,9606.ENSP00000426909,9606.ENSP00000428184,9606.ENSP00000479202,9606.ENSP00000486361,9606.ENSP00000495273,9606.ENSP00000499129	HSPB6,FKBP3,CTSZ,PSMA2,LRP1,GRSF1,PCNP,NDUFB10,TIMM44,ACAA2,COL6A3,ARF6,PPIB,PEX6,HINT1,LETM1,PSMC5,PAK2,UBE2N,EEA1,RUVBL1,TALDO1,MYO1D,FBN1,LAMP1,ENSA,PPA2,PSPC1,THRAP3,COX20,HDGF,ATP5PB,SH3BGRL,RBBP4,RAB14,APRT,ESD,XRCC5,ERGIC1,MATR3,ERO1A,ILK,SMU1,PYCR1,SCRN1,CHCHD3,S100A13,EWSR1,EIF1,ALYREF,RACK1,SDCBP,ARL8B,DBI,RPS7,PDIA4
COMPARTMENTS	GOCC:0070013	Intracellular organelle lumen	28	2902	0.38	0.0015	9606.ENSP00000217131,9606.ENSP00000223321,9606.ENSP00000254799,9606.ENSP00000270538,9606.ENSP00000285093,9606.ENSP00000295550,9606.ENSP00000300026,9606.ENSP00000304229,9606.ENSP00000316176,9606.ENSP00000318297,9606.ENSP00000325527,9606.ENSP00000343885,9606.ENSP00000343966,9606.ENSP00000346634,9606.ENSP00000358737,9606.ENSP00000359991,9606.ENSP00000362592,9606.ENSP00000375978,9606.ENSP00000378284,9606.ENSP00000379042,9606.ENSP00000380336,9606.ENSP00000384949,9606.ENSP00000400142,9606.ENSP00000421592,9606.ENSP00000428184,9606.ENSP00000481038,9606.ENSP00000495273,9606.ENSP00000499129	CTSZ,PSMA2,GRSF1,TIMM44,ACAA2,COL6A3,PPIB,HINT1,UBE2N,RUVBL1,FBN1,PPA2,PSPC1,THRAP3,ATP5PB,PGAM1,RBBP4,XRCC5,MATR3,ERO1A,SMU1,PYCR1,EWSR1,ALYREF,SDCBP,CYFIP1,RPS7,PDIA4
COMPARTMENTS	GOCC:0032991	Protein-containing complex	38	5325	0.24	0.0146	9606.ENSP00000223321,9606.ENSP00000243077,9606.ENSP00000258091,9606.ENSP00000268668,9606.ENSP00000270538,9606.ENSP00000275603,9606.ENSP00000295550,9606.ENSP00000303511,9606.ENSP00000304229,9606.ENSP00000307292,9606.ENSP00000310572,9606.ENSP00000316176,9606.ENSP00000318297,9606.ENSP00000324527,9606.ENSP00000325527,9606.ENSP00000343690,9606.ENSP00000346634,9606.ENSP00000357189,9606.ENSP00000357801,9606.ENSP00000358737,9606.ENSP00000362592,9606.ENSP00000371798,9606.ENSP00000372155,9606.ENSP00000375978,9606.ENSP00000380336,9606.ENSP00000384949,9606.ENSP00000389297,9606.ENSP00000419449,9606.ENSP00000421592,9606.ENSP00000426909,9606.ENSP00000428184,9606.ENSP00000430598,9606.ENSP00000463559,9606.ENSP00000481038,9606.ENSP00000486361,9606.ENSP00000494051,9606.ENSP00000495273,9606.ENSP00000499797	PSMA2,LRP1,CCT7,NDUFB10,TIMM44,CCT6A,COL6A3,PEX6,HINT1,CAVIN3,PSMC5,UBE2N,RUVBL1,MYO1D,FBN1,DPYSL3,THRAP3,HDGF,S100A10,ATP5PB,RBBP4,FSCN1,PSME1,XRCC5,SMU1,PYCR1,CHCHD3,EIF1,ALYREF,RACK1,SDCBP,ATOX1,MYL12B,CYFIP1,DBI,SEPTIN3,RPS7,CALM2
COMPARTMENTS	GOCC:0005788	Endoplasmic reticulum lumen	6	172	0.93	0.0150	9606.ENSP00000217131,9606.ENSP00000295550,9606.ENSP00000300026,9606.ENSP00000325527,9606.ENSP00000379042,9606.ENSP00000499129	CTSZ,COL6A3,PPIB,FBN1,ERO1A,PDIA4
COMPARTMENTS	GOCC:0101004	Cytolytic granule membrane	2	4	2.09	0.0394	9606.ENSP00000333298,9606.ENSP00000479202	LAMP1,ARL8B
UniProt Keywords	KW-0007	Acetylation	53	3362	0.59	1.97e-19	9606.ENSP00000216330,9606.ENSP00000223321,9606.ENSP00000243077,9606.ENSP00000252603,9606.ENSP00000258091,9606.ENSP00000265260,9606.ENSP00000275603,9606.ENSP00000285093,9606.ENSP00000300026,9606.ENSP00000304229,9606.ENSP00000305653,9606.ENSP00000310572,9606.ENSP00000314067,9606.ENSP00000316176,9606.ENSP00000318297,9606.ENSP00000320663,9606.ENSP00000321259,9606.ENSP00000324527,9606.ENSP00000341743,9606.ENSP00000343885,9606.ENSP00000343966,9606.ENSP00000346634,9606.ENSP00000346827,9606.ENSP00000355486,9606.ENSP00000357189,9606.ENSP00000357801,9606.ENSP00000358737,9606.ENSP00000359991,9606.ENSP00000362592,9606.ENSP00000362946,9606.ENSP00000367615,9606.ENSP00000367992,9606.ENSP00000369314,9606.ENSP00000371798,9606.ENSP00000375978,9606.ENSP00000379838,9606.ENSP00000379975,9606.ENSP00000380336,9606.ENSP00000384949,9606.ENSP00000387710,9606.ENSP00000388942,9606.ENSP00000389297,9606.ENSP00000400142,9606.ENSP00000419449,9606.ENSP00000421592,9606.ENSP00000426909,9606.ENSP00000428184,9606.ENSP00000430598,9606.ENSP00000463939,9606.ENSP00000479202,9606.ENSP00000486361,9606.ENSP00000495273,9606.ENSP00000499129	FKBP3,PSMA2,LRP1,PGLS,CCT7,PCNP,CCT6A,ACAA2,PPIB,HINT1,LETM1,PSMC5,PAK2,UBE2N,RUVBL1,EML4,TALDO1,MYO1D,ENSA,PPA2,PSPC1,THRAP3,ALDH9A1,COX20,HDGF,S100A10,ATP5PB,PGAM1,RBBP4,RAB14,APRT,ESD,GLRX,FSCN1,XRCC5,CARHSP1,ILK,SMU1,PYCR1,TARS1,SCRN1,CHCHD3,EWSR1,EIF1,ALYREF,RACK1,SDCBP,ATOX1,ARHGDIA,ARL8B,DBI,RPS7,PDIA4
UniProt Keywords	KW-0963	Cytoplasm	47	5095	0.36	1.98e-07	9606.ENSP00000004982,9606.ENSP00000223321,9606.ENSP00000243077,9606.ENSP00000252603,9606.ENSP00000254799,9606.ENSP00000258091,9606.ENSP00000275603,9606.ENSP00000289371,9606.ENSP00000298316,9606.ENSP00000303511,9606.ENSP00000304229,9606.ENSP00000307292,9606.ENSP00000310572,9606.ENSP00000311469,9606.ENSP00000314067,9606.ENSP00000316176,9606.ENSP00000317955,9606.ENSP00000318297,9606.ENSP00000320295,9606.ENSP00000320663,9606.ENSP00000321259,9606.ENSP00000324527,9606.ENSP00000341743,9606.ENSP00000343690,9606.ENSP00000343966,9606.ENSP00000346827,9606.ENSP00000357189,9606.ENSP00000367615,9606.ENSP00000367992,9606.ENSP00000369314,9606.ENSP00000371798,9606.ENSP00000379838,9606.ENSP00000379975,9606.ENSP00000380336,9606.ENSP00000387710,9606.ENSP00000388942,9606.ENSP00000389297,9606.ENSP00000392767,9606.ENSP00000400142,9606.ENSP00000421592,9606.ENSP00000426909,9606.ENSP00000428184,9606.ENSP00000463939,9606.ENSP00000479202,9606.ENSP00000481038,9606.ENSP00000494051,9606.ENSP00000495273	HSPB6,PSMA2,LRP1,PGLS,GRSF1,CCT7,CCT6A,EIF5B,ARF6,PEX6,HINT1,CAVIN3,PSMC5,GSTM1,PAK2,UBE2N,EEA1,RUVBL1,TUBB3,EML4,TALDO1,MYO1D,ENSA,DPYSL3,PSPC1,ALDH9A1,HDGF,APRT,ESD,GLRX,FSCN1,CARHSP1,ILK,SMU1,TARS1,SCRN1,CHCHD3,S100A13,EWSR1,ALYREF,RACK1,SDCBP,ARHGDIA,ARL8B,CYFIP1,SEPTIN3,RPS7
UniProt Keywords	KW-0547	Nucleotide-binding	22	1776	0.48	0.00037	9606.ENSP00000258091,9606.ENSP00000270538,9606.ENSP00000275603,9606.ENSP00000289371,9606.ENSP00000298316,9606.ENSP00000303511,9606.ENSP00000304229,9606.ENSP00000310572,9606.ENSP00000314067,9606.ENSP00000316176,9606.ENSP00000318297,9606.ENSP00000320295,9606.ENSP00000324527,9606.ENSP00000346634,9606.ENSP00000349722,9606.ENSP00000357189,9606.ENSP00000362946,9606.ENSP00000375978,9606.ENSP00000379975,9606.ENSP00000387710,9606.ENSP00000479202,9606.ENSP00000494051	CCT7,TIMM44,CCT6A,EIF5B,ARF6,PEX6,HINT1,PSMC5,PAK2,UBE2N,RUVBL1,TUBB3,MYO1D,THRAP3,UBE2D3,HDGF,RAB14,XRCC5,ILK,TARS1,ARL8B,SEPTIN3
UniProt Keywords	KW-0597	Phosphoprotein	53	8122	0.21	0.00097	9606.ENSP00000004982,9606.ENSP00000216330,9606.ENSP00000223321,9606.ENSP00000243077,9606.ENSP00000252603,9606.ENSP00000254799,9606.ENSP00000265260,9606.ENSP00000268668,9606.ENSP00000270538,9606.ENSP00000275603,9606.ENSP00000285093,9606.ENSP00000289371,9606.ENSP00000295550,9606.ENSP00000304229,9606.ENSP00000307292,9606.ENSP00000310572,9606.ENSP00000311469,9606.ENSP00000314067,9606.ENSP00000317955,9606.ENSP00000320295,9606.ENSP00000320663,9606.ENSP00000321259,9606.ENSP00000324527,9606.ENSP00000325527,9606.ENSP00000341743,9606.ENSP00000343690,9606.ENSP00000343885,9606.ENSP00000343966,9606.ENSP00000346634,9606.ENSP00000357189,9606.ENSP00000359991,9606.ENSP00000362592,9606.ENSP00000367615,9606.ENSP00000371798,9606.ENSP00000375978,9606.ENSP00000379042,9606.ENSP00000379838,9606.ENSP00000379975,9606.ENSP00000384949,9606.ENSP00000387710,9606.ENSP00000389297,9606.ENSP00000392767,9606.ENSP00000400142,9606.ENSP00000419449,9606.ENSP00000421592,9606.ENSP00000426909,9606.ENSP00000428184,9606.ENSP00000430598,9606.ENSP00000463559,9606.ENSP00000463939,9606.ENSP00000481038,9606.ENSP00000486361,9606.ENSP00000494051	HSPB6,FKBP3,PSMA2,LRP1,PGLS,GRSF1,PCNP,NDUFB10,TIMM44,CCT6A,ACAA2,EIF5B,COL6A3,HINT1,CAVIN3,PSMC5,GSTM1,PAK2,EEA1,TUBB3,EML4,TALDO1,MYO1D,FBN1,ENSA,DPYSL3,PPA2,PSPC1,THRAP3,HDGF,PGAM1,RBBP4,APRT,FSCN1,XRCC5,ERO1A,CARHSP1,ILK,PYCR1,TARS1,CHCHD3,S100A13,EWSR1,EIF1,ALYREF,RACK1,SDCBP,ATOX1,MYL12B,ARHGDIA,CYFIP1,DBI,SEPTIN3
